customer_id,customer_name,gender,province,signup_date
C00001,Dr. Kevin Steele Jr.,Male,Khon Kaen,2026-07-12
C00002,Cameron Mora,Male,Chonburi,2026-05-21
C00003,Maria Donovan,Female,Khon Kaen,2024-03-02
C00004,Holly Taylor,Male,Chiang Mai,2025-07-24
C00005,Jennifer Anderson,Male,Khon Kaen,2026-04-01
C00006,Parker Russell,Male,Chonburi,2026-01-28
C00007,Lisa Rodriguez,Male,Khon Kaen,2023-10-18
C00008,Eric Kaiser,Female,Ayutthaya,2025-06-14
C00009,Jason Reyes,Female,Ayutthaya,2025-10-04
C00010,Anita Jacobs,Female,Khon Kaen,2024-11-12
C00011,Michael Mitchell,Female,Chonburi,2023-11-13
C00012,Barry Bailey,Female,Chiang Mai,2025-11-01
C00013,Sean Thomas,Male,Chonburi,2025-07-08
C00014,Dawn Torres,Female,Chonburi,2025-06-18
C00015,Jessica Jackson,Female,Khon Kaen,2026-06-24
C00016,Thomas Davila,Female,Chonburi,2023-10-07
C00017,Jean Alvarez,Female,Bangkok,2026-02-22
C00018,Daniel Ford,Female,Chonburi,2024-06-06
C00019,Tina West,Female,Bangkok,2025-05-10
C00020,Ricky Thornton,Female,Chonburi,2024-10-25
C00021,Anthony Rodriguez,Male,Chonburi,2024-11-03
C00022,Margaret Lane,Male,Chonburi,2024-01-06
C00023,Amy Jones,Male,Chonburi,2023-10-01
C00024,Sabrina Joyce,Female,Chonburi,2025-11-27
C00025,Kelly Garcia,Male,Chonburi,2024-11-26
C00026,Edward Cole,Male,Khon Kaen,2025-02-12
C00027,Christopher Nichols,Female,Bangkok,2024-04-26
C00028,Nathaniel Thompson,Female,Bangkok,2026-07-22
C00029,David White,Female,Ayutthaya,2024-05-27
C00030,Luis Torres,Male,Phuket,2024-07-07
C00031,Tammie Owen,Male,Chonburi,2024-12-22
C00032,Garrett Hansen,Female,Phuket,2024-09-16
C00033,Anthony Reid,Male,Ayutthaya,2026-05-05
C00034,Jonathan Carter,Male,Khon Kaen,2024-10-16
C00035,Shirley Thomas,Male,Khon Kaen,2026-03-22
C00036,Tammy Jackson,Female,Bangkok,2026-06-04
C00037,Caroline Hart,Male,Chonburi,2023-12-03
C00038,Andrea Rodriguez,Female,Khon Kaen,2025-12-16
C00039,Mary Hampton,Female,Ayutthaya,2024-02-01
C00040,Margaret Browning,Male,Chonburi,2024-06-01
C00041,Dakota Thompson,Female,Chonburi,2025-04-08
C00042,Theresa Rivera,Male,Ayutthaya,2025-03-26
C00043,Danielle Herring,Female,Chiang Mai,2026-05-30
C00044,Linda Rodriguez,Male,Chiang Mai,2026-03-18
C00045,Janet Cisneros,Male,Phuket,2024-11-16
C00046,Rebecca Adams,Male,Bangkok,2025-06-19
C00047,Anthony Flores,Female,Bangkok,2026-05-08
C00048,Anthony May Jr.,Female,Ayutthaya,2023-12-18
C00049,Jacqueline Huff,Male,Ayutthaya,2024-05-01
C00050,Kristine Farrell,Female,Khon Kaen,2025-02-18
C00051,Gregory Sandoval,Male,Bangkok,2024-08-26
C00052,Daniel Pope,Female,Khon Kaen,2026-05-18
C00053,Samantha Thompson,Female,Ayutthaya,2025-10-10
C00054,Mrs. Bailey Ramos,Male,Chonburi,2024-05-11
C00055,Peter Johnson,Female,Phuket,2023-08-07
C00056,Christopher Mckinney,Female,Ayutthaya,2024-03-23
C00057,Matthew Miller,Female,Chiang Mai,2025-12-01
C00058,Eric Taylor,Male,Bangkok,2025-11-18
C00059,Andrea Dixon,Female,Bangkok,2023-08-23
C00060,Kristin Boyer,Male,Chiang Mai,2023-09-07
C00061,Scott Taylor,Male,Ayutthaya,2025-03-30
C00062,Felicia Barker,Male,Ayutthaya,2025-07-05
C00063,Leslie Peterson,Male,Khon Kaen,2026-02-15
C00064,George Fitzpatrick,Male,Khon Kaen,2026-04-06
C00065,Tiffany Rodriguez,Female,Ayutthaya,2025-04-12
C00066,Kathleen Carson,Female,Phuket,2024-01-25
C00067,Christopher Clark DDS,Male,Bangkok,2024-09-29
C00068,Melanie Alvarez,Female,Khon Kaen,2026-07-05
C00069,Stacy Jackson,Female,Bangkok,2025-01-23
C00070,Charles Payne,Female,Chonburi,2024-11-18
C00071,Melanie Nelson,Male,Phuket,2024-10-22
C00072,Deborah Shaffer,Male,Bangkok,2026-01-27
C00073,Jason Johnson,Female,Chonburi,2026-07-22
C00074,David Marshall,Female,Khon Kaen,2024-10-18
C00075,Norman Morris,Male,Phuket,2024-09-09
C00076,Joy Roberson,Male,Chonburi,2024-12-15
C00077,Shannon Taylor,Male,Ayutthaya,2025-08-13
C00078,Mason Cook,Male,Chonburi,2024-09-05
C00079,Ashley Gibson,Female,Chiang Mai,2025-11-25
C00080,Jennifer Perez,Male,Ayutthaya,2024-03-07
C00081,Courtney Haney,Male,Khon Kaen,2025-08-11
C00082,Craig Martin,Female,Chonburi,2024-02-19
C00083,John Serrano,Male,Khon Kaen,2024-07-04
C00084,Jo Valencia,Female,Chiang Mai,2025-05-10
C00085,Michael Ramsey,Female,Chiang Mai,2026-03-05
C00086,Lance Hudson,Female,Chiang Mai,2024-04-19
C00087,Robin Weaver,Male,Chonburi,2026-03-17
C00088,Julie Johnson,Male,Khon Kaen,2024-05-24
C00089,Joshua Arnold,Male,Chonburi,2025-10-12
C00090,Katherine Santos,Female,Chiang Mai,2025-01-25
C00091,Melody Gonzalez,Female,Phuket,2026-03-27
C00092,Norma Kennedy,Female,Bangkok,2024-05-23
C00093,Lori Fernandez,Female,Phuket,2026-03-11
C00094,Daniel Adams,Female,Bangkok,2023-08-22
C00095,Joseph Coleman,Male,Khon Kaen,2025-10-25
C00096,Jill Sloan,Male,Ayutthaya,2025-04-11
C00097,Leslie Greene,Male,Bangkok,2026-04-06
C00098,Kerri Thomas,Female,Bangkok,2024-10-05
C00099,Adam Reynolds,Female,Khon Kaen,2023-09-08
C00100,Stacy Tucker,Female,Ayutthaya,2023-11-08
C00101,Kelly Douglas,Male,Phuket,2026-05-18
C00102,Evan Carlson,Female,Phuket,2024-11-06
C00103,Michelle Jones,Male,Chiang Mai,2026-05-07
C00104,Laura Conway,Male,Chonburi,2024-09-03
C00105,Sarah Willis,Male,Khon Kaen,2024-05-05
C00106,Angela Peters,Male,Bangkok,2024-10-21
C00107,Stacy Miller,Male,Phuket,2024-07-15
C00108,Max Wilson,Male,Ayutthaya,2024-11-23
C00109,Robin Stokes,Male,Chonburi,2025-05-28
C00110,April West,Male,Chonburi,2024-02-12
C00111,Monique Johnson,Female,Chonburi,2024-01-23
C00112,David Hart,Male,Chiang Mai,2023-10-12
C00113,Kyle Garcia MD,Male,Ayutthaya,2026-03-26
C00114,Phyllis Cowan,Male,Bangkok,2024-11-09
C00115,Tara Elliott,Male,Chonburi,2024-10-25
C00116,Michael Graham,Male,Bangkok,2025-11-01
C00117,Deanna Patton,Female,Chonburi,2026-05-23
C00118,Scott Walker,Female,Bangkok,2024-11-11
C00119,Patrick Wagner,Male,Phuket,2026-06-30
C00120,David Larson,Female,Khon Kaen,2023-10-27
C00121,Traci Villegas,Male,Ayutthaya,2024-05-11
C00122,Paul Moore,Female,Chiang Mai,2026-04-19
C00123,Sarah Spence,Male,Ayutthaya,2024-12-18
C00124,Kimberly Evans PhD,Female,Chiang Mai,2025-02-27
C00125,Mrs. Jessica Carson,Male,Chiang Mai,2025-09-29
C00126,Alice Kane,Male,Ayutthaya,2026-03-27
C00127,Matthew Gonzalez,Male,Bangkok,2024-03-30
C00128,Gwendolyn Gomez,Male,Khon Kaen,2025-03-09
C00129,Hannah Reyes,Male,Chonburi,2026-07-24
C00130,Marcia Hughes,Female,Bangkok,2023-10-02
C00131,Kimberly Silva,Male,Phuket,2025-04-06
C00132,Matthew Perkins,Male,Bangkok,2026-05-17
C00133,Levi Jones,Female,Khon Kaen,2025-11-16
C00134,Jenna Jones,Female,Phuket,2024-04-07
C00135,Angelica Ryan,Male,Bangkok,2024-10-19
C00136,Paul Lee,Female,Chonburi,2023-10-22
C00137,Heather Moran,Female,Phuket,2025-08-18
C00138,Wendy Mckinney,Male,Khon Kaen,2026-06-09
C00139,Sarah Moreno,Male,Chiang Mai,2025-01-18
C00140,Austin Wright,Female,Khon Kaen,2023-08-08
C00141,John Brown,Male,Khon Kaen,2024-09-01
C00142,Brian Wall,Female,Khon Kaen,2026-05-05
C00143,Scott Garcia,Female,Khon Kaen,2026-04-27
C00144,Ashley Copeland,Male,Ayutthaya,2026-02-16
C00145,Chelsea Bennett,Female,Khon Kaen,2026-03-02
C00146,Gregory Morris,Female,Ayutthaya,2026-04-24
C00147,Erin Good,Male,Chiang Mai,2026-01-20
C00148,Susan Cunningham,Female,Chonburi,2025-05-10
C00149,Amanda Gonzales,Male,Chonburi,2025-11-19
C00150,Lisa Mitchell,Male,Bangkok,2025-05-02
C00151,Michael Clark,Male,Phuket,2024-02-20
C00152,Carol Martinez,Male,Bangkok,2024-10-16
C00153,Michael Johnson,Male,Ayutthaya,2026-07-20
C00154,Jessica Mcdowell,Female,Chonburi,2024-07-22
C00155,Steven Alexander,Female,Chonburi,2025-04-07
C00156,Jason Perkins,Female,Ayutthaya,2023-10-27
C00157,Brittney Smith,Male,Chonburi,2025-06-08
C00158,Kristina Shaffer,Female,Bangkok,2023-10-06
C00159,Jasmine Rodriguez,Female,Ayutthaya,2024-08-24
C00160,Christopher Kelly,Male,Khon Kaen,2023-10-13
C00161,Kimberly Green,Female,Chonburi,2026-07-13
C00162,Blake Young,Male,Bangkok,2024-12-19
C00163,Linda Wong,Female,Bangkok,2024-09-11
C00164,Nicholas Rodriguez,Male,Bangkok,2023-08-30
C00165,Bobby Nunez,Female,Bangkok,2026-07-11
C00166,Kristen Smith,Female,Chonburi,2025-07-21
C00167,Sherri Gibbs,Female,Ayutthaya,2026-03-19
C00168,Brian Evans,Female,Ayutthaya,2026-01-14
C00169,Julie Williams,Male,Khon Kaen,2025-05-16
C00170,Dr. Sara Ward MD,Male,Bangkok,2025-04-13
C00171,Rhonda Flynn,Female,Ayutthaya,2025-02-22
C00172,Tammy Kelly,Male,Bangkok,2024-09-08
C00173,Frances Suarez,Male,Chiang Mai,2024-09-24
C00174,Corey Mccall,Female,Chonburi,2025-10-30
C00175,Stephanie Jackson,Male,Khon Kaen,2026-07-16
C00176,Justin Bishop,Male,Bangkok,2025-03-26
C00177,Michael Fry,Male,Phuket,2024-06-17
C00178,Amy Ramirez,Female,Khon Kaen,2024-11-15
C00179,Jeanette Whitehead,Female,Chonburi,2026-06-30
C00180,Aaron Christensen,Female,Phuket,2024-01-19
C00181,Elizabeth Archer,Male,Khon Kaen,2024-04-18
C00182,John King,Male,Chonburi,2025-02-24
C00183,Michael Gutierrez,Male,Ayutthaya,2024-03-28
C00184,Erin Lee,Male,Chonburi,2024-04-19
C00185,Jeanne Wilkins,Female,Ayutthaya,2024-06-17
C00186,Brian Sanford MD,Male,Phuket,2026-04-15
C00187,Leslie Robertson,Female,Khon Kaen,2023-11-27
C00188,April Williams,Male,Ayutthaya,2024-07-03
C00189,Angie Bailey,Male,Phuket,2025-08-09
C00190,Gregory Austin,Male,Khon Kaen,2026-01-18
C00191,Patrick Smith,Male,Chiang Mai,2025-02-20
C00192,Summer Miller,Male,Phuket,2024-12-25
C00193,Meredith Luna,Male,Chiang Mai,2026-01-17
C00194,Kevin Smith,Male,Khon Kaen,2026-05-12
C00195,Charles Curry,Male,Bangkok,2026-04-28
C00196,Ray Hill,Female,Bangkok,2025-10-23
C00197,Ryan Robbins,Female,Bangkok,2026-07-29
C00198,Matthew Scott,Male,Phuket,2025-11-18
C00199,Mary Douglas,Male,Khon Kaen,2024-04-08
C00200,Karen Reese,Female,Phuket,2025-07-04
C00201,Jacob Mcfarland,Male,Khon Kaen,2026-07-06
C00202,Kevin Osborne,Male,Khon Kaen,2024-04-18
C00203,Jacqueline Knapp,Male,Phuket,2026-01-10
C00204,Brandon Jackson,Female,Chiang Mai,2026-04-26
C00205,Tiffany Rodriguez,Male,Chonburi,2024-08-20
C00206,Sierra Taylor,Female,Khon Kaen,2024-12-16
C00207,Timothy Jimenez,Female,Phuket,2024-01-14
C00208,Mrs. Margaret Mccoy MD,Female,Phuket,2024-03-08
C00209,Heather Gonzalez,Male,Chonburi,2026-02-19
C00210,Christopher Brock,Female,Ayutthaya,2023-12-07
C00211,Mr. William Morgan,Female,Chiang Mai,2023-11-05
C00212,Patrick Reeves,Male,Chiang Mai,2025-05-25
C00213,Jorge Holt,Female,Chiang Mai,2024-05-12
C00214,Tony Mays,Male,Phuket,2024-01-22
C00215,Bradley Williams,Female,Phuket,2023-09-16
C00216,Joseph Rodgers,Female,Chiang Mai,2025-11-24
C00217,Chad Miller,Female,Bangkok,2026-02-13
C00218,Andre Adams,Female,Khon Kaen,2025-02-14
C00219,Gregory James,Female,Chonburi,2025-08-07
C00220,Dr. Sarah Higgins DVM,Female,Chiang Mai,2023-12-17
C00221,Kimberly Jimenez,Male,Bangkok,2026-02-12
C00222,Kelly Colon,Female,Ayutthaya,2024-10-05
C00223,April Cummings,Male,Phuket,2024-11-27
C00224,Mr. Tanner Turner,Female,Khon Kaen,2024-08-21
C00225,Charles Miller,Male,Chiang Mai,2024-06-19
C00226,Heather Reyes,Female,Khon Kaen,2024-04-27
C00227,Donna Black,Female,Khon Kaen,2025-11-01
C00228,Barry Smith,Female,Chiang Mai,2025-12-02
C00229,Thomas Cuevas,Female,Bangkok,2024-05-29
C00230,Martin Wilcox,Female,Chiang Mai,2024-11-16
C00231,Donna King,Female,Chonburi,2024-11-27
C00232,Jack Bright,Female,Khon Kaen,2025-03-26
C00233,Rodney Mcdonald,Male,Khon Kaen,2024-02-09
C00234,Crystal Francis,Female,Ayutthaya,2025-10-12
C00235,Patricia Moreno,Female,Ayutthaya,2024-03-08
C00236,Matthew Cain,Male,Ayutthaya,2026-01-05
C00237,Lisa Garcia,Male,Chiang Mai,2023-08-11
C00238,Alexander Watkins,Male,Khon Kaen,2025-04-05
C00239,Justin Butler,Female,Bangkok,2023-10-07
C00240,Jennifer Chung,Female,Khon Kaen,2025-09-14
C00241,Yolanda Sims,Female,Bangkok,2026-06-07
C00242,Julie Hamilton,Male,Chiang Mai,2026-07-02
C00243,Zachary Beck DDS,Male,Phuket,2025-06-13
C00244,Brian Holden,Female,Ayutthaya,2026-02-12
C00245,Samantha Rodriguez,Male,Khon Kaen,2024-08-07
C00246,Ryan Brown,Male,Chonburi,2024-03-28
C00247,Jerry Dickerson,Male,Khon Kaen,2024-02-06
C00248,Hannah Stewart,Female,Chiang Mai,2025-06-28
C00249,Charles Welch,Male,Chiang Mai,2023-12-21
C00250,Joel Carter,Female,Phuket,2024-04-24
C00251,Jessica Singh,Female,Chiang Mai,2025-05-16
C00252,Juan Haney,Male,Chiang Mai,2026-02-08
C00253,Christopher Robinson,Female,Khon Kaen,2024-01-18
C00254,Kenneth Moore,Female,Khon Kaen,2024-09-08
C00255,Matthew Reyes,Male,Khon Kaen,2025-01-03
C00256,David Richardson,Female,Ayutthaya,2025-03-04
C00257,Katie Jacobs,Male,Chonburi,2024-08-23
C00258,Aaron Davis,Female,Chonburi,2024-09-02
C00259,Stephanie Bryan,Male,Chonburi,2025-05-31
C00260,Scott Stephens,Female,Khon Kaen,2024-11-06
C00261,Seth Contreras,Female,Khon Kaen,2024-10-28
C00262,Carlos Brown,Female,Bangkok,2026-03-16
C00263,Justin Carter,Male,Khon Kaen,2026-05-20
C00264,Jeffrey Richards,Male,Phuket,2024-10-26
C00265,Holly Bradley,Male,Khon Kaen,2025-03-14
C00266,Vanessa Gray,Female,Bangkok,2025-02-04
C00267,Jesse Schmidt,Female,Khon Kaen,2026-01-31
C00268,Robert Rodriguez,Male,Chiang Mai,2025-05-20
C00269,Christine Washington,Male,Phuket,2024-10-28
C00270,Shelly Burgess,Female,Chonburi,2025-08-20
C00271,Daniel Waters,Female,Khon Kaen,2025-10-10
C00272,Kelly Perez,Male,Bangkok,2025-03-16
C00273,Manuel Williams,Female,Khon Kaen,2026-03-01
C00274,Raymond Atkinson,Female,Chiang Mai,2024-05-21
C00275,Jesus Mann,Female,Khon Kaen,2026-02-03
C00276,Guy James,Female,Chonburi,2025-07-07
C00277,Sarah Fitzgerald,Female,Chonburi,2025-02-19
C00278,Barbara Anderson,Female,Bangkok,2024-01-25
C00279,Dana Graham,Female,Chonburi,2025-10-19
C00280,Jaclyn Parsons,Male,Khon Kaen,2023-09-04
C00281,Debra Williams,Male,Ayutthaya,2023-08-07
C00282,Andrew Delgado,Male,Chiang Mai,2025-06-23
C00283,Brittany Williams,Female,Bangkok,2024-09-12
C00284,Joseph Martinez,Male,Phuket,2026-01-16
C00285,Charles Hall,Male,Bangkok,2023-11-22
C00286,Regina Jones MD,Female,Chiang Mai,2025-11-08
C00287,Kevin Moore,Male,Chonburi,2025-04-02
C00288,Justin Owens,Male,Bangkok,2023-11-16
C00289,Melanie Crane,Female,Bangkok,2025-03-31
C00290,Elizabeth Willis,Female,Chiang Mai,2025-07-16
C00291,Christopher Blanchard,Female,Chonburi,2023-12-22
C00292,Erin Norris,Male,Bangkok,2026-04-15
C00293,Brian Bray,Female,Ayutthaya,2024-11-01
C00294,James Brown,Female,Chonburi,2025-08-07
C00295,Roger Brown,Male,Chiang Mai,2026-01-02
C00296,Dennis Miller,Male,Phuket,2025-02-28
C00297,David Beard,Female,Phuket,2025-02-20
C00298,Nicholas Hall,Male,Ayutthaya,2024-01-02
C00299,Maria Hernandez,Female,Khon Kaen,2026-05-15
C00300,Katherine Gutierrez,Male,Phuket,2024-10-16
C00301,Kathleen Williams,Female,Bangkok,2025-10-27
C00302,Samuel Gallegos,Female,Phuket,2026-03-06
C00303,Maria Watson,Male,Khon Kaen,2025-05-12
C00304,Patty Ruiz,Female,Bangkok,2025-10-10
C00305,Michele Hamilton,Female,Bangkok,2025-11-12
C00306,Peter Snow,Male,Bangkok,2025-03-17
C00307,Katherine Meyer,Female,Chiang Mai,2026-01-31
C00308,Justin Cervantes,Female,Khon Kaen,2024-09-17
C00309,Margaret Greene,Female,Chiang Mai,2026-01-27
C00310,Benjamin Whitaker,Male,Ayutthaya,2026-03-23
C00311,Linda Solis,Female,Chonburi,2024-10-17
C00312,Hunter Carey,Male,Chiang Mai,2024-05-27
C00313,Kim Parks,Female,Phuket,2025-02-22
C00314,Patrick Woods,Male,Phuket,2025-01-21
C00315,Connie French,Male,Bangkok,2025-02-01
C00316,Mr. Jeffrey Delgado,Male,Chonburi,2023-12-28
C00317,Melissa Andrews,Female,Phuket,2025-04-25
C00318,Katherine Garcia,Male,Bangkok,2025-12-27
C00319,Lauren Cannon,Female,Bangkok,2024-04-11
C00320,Mr. Gabriel Perry,Female,Khon Kaen,2026-05-01
C00321,John Moreno,Female,Bangkok,2024-08-05
C00322,Kyle Hicks,Female,Khon Kaen,2026-01-06
C00323,Megan Mccoy,Female,Phuket,2025-10-13
C00324,Sarah Myers,Male,Chonburi,2024-11-05
C00325,Brandi Thomas,Female,Chonburi,2024-08-04
C00326,Katherine Morales,Male,Bangkok,2025-04-11
C00327,Andrew Hancock,Female,Khon Kaen,2025-01-23
C00328,Rebecca Ross,Female,Bangkok,2024-04-26
C00329,Kristin Jones,Male,Khon Kaen,2024-02-13
C00330,Keith Williams,Female,Chiang Mai,2024-06-16
C00331,Cameron Dyer,Male,Ayutthaya,2024-07-23
C00332,Sandra Ryan,Male,Chiang Mai,2025-05-06
C00333,Jean Hall,Female,Bangkok,2025-12-12
C00334,Dawn Reyes,Female,Chiang Mai,2025-04-26
C00335,Nicholas Gordon,Male,Phuket,2024-08-04
C00336,Taylor Moore,Male,Ayutthaya,2025-01-03
C00337,Jeffrey Navarro,Female,Ayutthaya,2023-11-05
C00338,William Wilson,Male,Chiang Mai,2024-11-18
C00339,Carlos Shannon,Male,Ayutthaya,2026-02-15
C00340,Chad Esparza,Male,Bangkok,2025-02-24
C00341,Matthew Coleman,Male,Chiang Mai,2025-09-03
C00342,Daniel Erickson,Male,Khon Kaen,2024-03-22
C00343,Nicholas Bartlett,Female,Ayutthaya,2025-11-03
C00344,Robert Brock,Male,Ayutthaya,2025-01-16
C00345,Rebecca Miller,Male,Phuket,2024-03-29
C00346,Ellen Montgomery,Male,Chiang Mai,2023-11-12
C00347,Alexander Price,Male,Bangkok,2024-07-26
C00348,Autumn Weaver MD,Male,Ayutthaya,2025-11-24
C00349,Laura Parker,Female,Phuket,2026-04-15
C00350,Mark Coleman,Female,Chiang Mai,2024-12-01
C00351,Jared Novak,Female,Bangkok,2024-07-20
C00352,Chad Weaver,Male,Phuket,2025-11-29
C00353,Ann Bennett,Female,Ayutthaya,2026-01-28
C00354,Melanie Parker,Male,Khon Kaen,2025-07-08
C00355,Joseph Silva,Male,Phuket,2024-09-07
C00356,Steven Reyes,Female,Chonburi,2023-08-30
C00357,Mackenzie Ward,Female,Ayutthaya,2026-01-12
C00358,Eugene Sanders,Female,Phuket,2026-03-02
C00359,Ebony Gray,Female,Chiang Mai,2026-03-30
C00360,Natalie Anderson,Female,Bangkok,2026-05-27
C00361,Vanessa Weber,Male,Ayutthaya,2025-07-15
C00362,Mary Rogers,Female,Bangkok,2024-03-14
C00363,Gregory Jenkins,Male,Chonburi,2026-07-31
C00364,William Jordan,Female,Bangkok,2023-09-21
C00365,Tiffany Cooper,Female,Phuket,2023-10-06
C00366,Carla Graham,Female,Khon Kaen,2024-06-14
C00367,Suzanne Sullivan,Male,Ayutthaya,2026-01-30
C00368,Christopher Gonzales,Female,Ayutthaya,2024-08-06
C00369,Laura Hall,Female,Bangkok,2025-11-21
C00370,Sean Brewer,Female,Phuket,2025-09-09
C00371,Hannah Buckley,Male,Phuket,2025-05-23
C00372,Corey Wolfe,Male,Bangkok,2024-07-07
C00373,Joseph Hancock,Male,Ayutthaya,2024-04-04
C00374,Melissa Phillips,Male,Khon Kaen,2023-09-28
C00375,Crystal Mayo,Female,Chonburi,2024-12-29
C00376,Patrick Francis,Male,Bangkok,2025-09-28
C00377,Kayla Rodriguez,Female,Chiang Mai,2025-07-10
C00378,Angela Sharp,Male,Chiang Mai,2026-01-29
C00379,Melissa Johnson,Male,Phuket,2026-06-20
C00380,Brandon Gill,Female,Phuket,2024-11-30
C00381,Michelle Tyler,Female,Bangkok,2025-07-19
C00382,Kathleen Rosales,Female,Ayutthaya,2023-10-26
C00383,Kendra Morgan,Male,Bangkok,2025-03-01
C00384,Brandon Jones,Female,Phuket,2025-10-06
C00385,Patrick Adams,Female,Bangkok,2026-04-27
C00386,Kyle Howard,Female,Ayutthaya,2024-06-16
C00387,John Watkins,Male,Ayutthaya,2023-10-17
C00388,Jeffrey George,Female,Ayutthaya,2024-10-13
C00389,Sarah Pacheco,Male,Ayutthaya,2026-04-01
C00390,Leah Blake,Male,Bangkok,2026-07-10
C00391,Andrea Fisher,Female,Khon Kaen,2025-06-22
C00392,Tony Strickland IV,Female,Chiang Mai,2024-11-18
C00393,Anthony Warren,Female,Chonburi,2024-05-25
C00394,Todd Cunningham,Male,Khon Kaen,2026-06-07
C00395,Debbie Cohen,Male,Khon Kaen,2024-10-09
C00396,Jean Brooks,Male,Phuket,2023-11-20
C00397,Dr. Caroline Beck,Female,Chiang Mai,2023-12-26
C00398,Christian Davis,Male,Ayutthaya,2025-03-28
C00399,Nicolas Taylor,Female,Chonburi,2025-04-03
C00400,Eric Lopez,Female,Phuket,2023-08-23
C00401,Herbert Fisher,Male,Chonburi,2026-01-26
C00402,Marcus Carpenter,Female,Ayutthaya,2023-11-10
C00403,Michelle Petty,Male,Phuket,2025-02-02
C00404,Jacob Mckinney,Male,Phuket,2023-10-31
C00405,Rhonda Walker,Male,Phuket,2023-10-18
C00406,Monica Snyder,Female,Bangkok,2026-03-12
C00407,David Petersen,Female,Khon Kaen,2024-10-12
C00408,Heather Douglas,Male,Bangkok,2023-10-17
C00409,Alexa Meyers,Female,Ayutthaya,2025-02-10
C00410,Frank Owens,Male,Ayutthaya,2024-06-16
C00411,Ryan Bradley,Female,Chiang Mai,2024-07-03
C00412,Betty Fowler,Male,Chiang Mai,2025-08-15
C00413,Julia Dixon,Female,Chiang Mai,2024-09-19
C00414,Joann Price,Male,Chiang Mai,2024-03-08
C00415,Austin Thomas,Female,Ayutthaya,2025-05-24
C00416,Donald Schmidt,Male,Chonburi,2024-09-08
C00417,David Nguyen,Male,Ayutthaya,2024-01-20
C00418,Aaron Norton,Male,Bangkok,2023-09-14
C00419,James Friedman,Male,Bangkok,2026-05-28
C00420,Charles Moore,Male,Khon Kaen,2026-05-28
C00421,Cheryl Jackson,Male,Ayutthaya,2024-08-16
C00422,Ryan Harrell,Male,Chiang Mai,2024-06-05
C00423,Kaylee Romero,Male,Bangkok,2025-12-21
C00424,Melissa Smith,Female,Chiang Mai,2025-05-11
C00425,Lori Terry,Male,Chonburi,2023-10-25
C00426,Laura Sherman,Male,Bangkok,2023-11-04
C00427,Curtis Smith,Female,Chonburi,2024-09-21
C00428,Christopher Mckinney,Male,Bangkok,2024-07-13
C00429,Bryan Henry,Female,Ayutthaya,2023-09-26
C00430,Jeffrey Pearson,Female,Chiang Mai,2025-07-12
C00431,Jenna Smith,Male,Bangkok,2025-10-01
C00432,Tara Stevens,Female,Phuket,2025-07-25
C00433,Deanna Anderson,Female,Phuket,2024-02-17
C00434,Jordan Ware,Female,Chonburi,2024-10-26
C00435,Dorothy Olsen,Male,Chiang Mai,2025-11-03
C00436,Patrick Good,Male,Ayutthaya,2024-04-15
C00437,Ethan Ortega,Female,Khon Kaen,2025-01-21
C00438,Laura Gray,Female,Bangkok,2024-10-14
C00439,Carl Foster,Female,Phuket,2024-09-01
C00440,Jody Stewart,Male,Chonburi,2025-08-23
C00441,Michael Smith,Female,Chiang Mai,2026-06-09
C00442,Allen Richard,Female,Ayutthaya,2023-10-28
C00443,Tiffany Bender,Female,Khon Kaen,2024-10-06
C00444,Carlos Becker,Female,Chonburi,2024-08-16
C00445,Brandon Yates,Female,Bangkok,2025-08-11
C00446,Timothy Rodriguez,Male,Phuket,2025-06-28
C00447,Lindsey Nichols,Female,Bangkok,2026-05-27
C00448,Ashley Wood,Female,Khon Kaen,2024-11-23
C00449,Melissa Thomas,Female,Ayutthaya,2026-04-21
C00450,Deborah Andrews,Male,Khon Kaen,2026-05-24
C00451,Wendy Barrera,Male,Khon Kaen,2026-01-08
C00452,Erika Harris,Male,Chonburi,2023-11-25
C00453,Amanda Nelson,Female,Ayutthaya,2024-06-05
C00454,Leslie Gonzalez,Male,Phuket,2024-02-19
C00455,Desiree Gutierrez,Male,Chiang Mai,2024-04-13
C00456,Michael Morrison,Male,Ayutthaya,2025-01-12
C00457,Christopher Smith,Male,Khon Kaen,2026-04-09
C00458,Teresa Reed,Female,Bangkok,2024-12-02
C00459,Lauren Jones,Male,Ayutthaya,2024-12-20
C00460,Jenna Price,Female,Chonburi,2024-10-10
C00461,Janet Archer,Male,Chonburi,2025-04-14
C00462,Howard Daniel,Female,Chonburi,2024-09-11
C00463,Dennis Castro,Female,Chiang Mai,2024-06-23
C00464,Rebecca Huber,Female,Khon Kaen,2025-01-21
C00465,Allison Weeks,Male,Chonburi,2026-06-08
C00466,Trevor Anderson,Female,Bangkok,2024-03-07
C00467,Michael Villanueva,Male,Phuket,2025-03-17
C00468,Linda Gomez,Female,Bangkok,2023-09-03
C00469,Breanna Clark,Female,Bangkok,2025-02-07
C00470,Richard Schmidt,Male,Bangkok,2025-09-30
C00471,Andrew Murphy,Male,Bangkok,2025-03-27
C00472,Jason Garcia,Male,Bangkok,2026-04-20
C00473,Sheri Christian,Female,Chiang Mai,2026-06-17
C00474,Kaylee Bailey,Female,Chiang Mai,2024-02-27
C00475,Jesse Brown,Female,Ayutthaya,2023-08-06
C00476,Carlos Beck,Male,Chonburi,2024-12-31
C00477,Michele Day,Male,Chonburi,2024-10-10
C00478,Erin Russo,Male,Bangkok,2025-11-30
C00479,Nathaniel Davis,Male,Chiang Mai,2025-06-20
C00480,Richard Brooks,Male,Phuket,2023-09-04
C00481,Jay Arroyo,Female,Phuket,2025-06-13
C00482,John Potter,Male,Phuket,2024-06-28
C00483,Jamie Hoffman,Male,Phuket,2024-11-21
C00484,Troy Frank,Female,Chonburi,2026-04-17
C00485,Sheri Jenkins,Female,Khon Kaen,2025-04-21
C00486,David Johnson,Female,Chiang Mai,2025-03-31
C00487,Jason Hughes,Male,Chonburi,2025-07-20
C00488,Kelsey Wilson DDS,Female,Chiang Mai,2024-07-23
C00489,Thomas Long,Male,Chiang Mai,2024-02-17
C00490,Zachary Bullock MD,Female,Khon Kaen,2024-11-23
C00491,William Mason,Female,Khon Kaen,2025-12-17
C00492,Erin Olsen,Male,Chiang Mai,2026-06-17
C00493,Jason Gordon,Female,Bangkok,2025-05-29
C00494,Sarah Tran,Female,Ayutthaya,2025-11-29
C00495,Mary Allen,Male,Khon Kaen,2025-02-06
C00496,Andrew Harrison,Female,Ayutthaya,2024-08-22
C00497,Andrea Landry,Male,Chiang Mai,2024-11-13
C00498,Holly Moreno,Female,Chiang Mai,2025-09-18
C00499,Jaime Glover,Female,Chonburi,2024-09-10
C00500,Elizabeth Barnes,Male,Khon Kaen,2026-02-04
