order_id,customer_id,order_date,status
O000001,C00341,2025-10-15,Completed
O000002,C00161,2026-05-15,Pending
O000003,C00471,2025-06-28,Pending
O000004,C00357,2024-08-29,Completed
O000005,C00313,2024-10-15,Completed
O000006,C00486,2025-10-26,Pending
O000007,C00370,2025-08-06,Cancelled
O000008,C00145,2025-07-28,Completed
O000009,C00200,2026-03-09,Pending
O000010,C00391,2026-03-26,Completed
O000011,C00324,2025-02-23,Pending
O000012,C00198,2025-12-23,Completed
O000013,C00427,2026-01-29,Cancelled
O000014,C00099,2026-05-31,Pending
O000015,C00454,2025-11-28,Pending
O000016,C00161,2025-08-20,Cancelled
O000017,C00155,2026-03-16,Completed
O000018,C00261,2025-08-13,Pending
O000019,C00383,2026-07-20,Completed
O000020,C00270,2025-03-03,Completed
O000021,C00224,2025-10-13,Cancelled
O000022,C00290,2026-02-15,Completed
O000023,C00273,2025-03-26,Pending
O000024,C00308,2025-02-05,Completed
O000025,C00235,2024-12-14,Pending
O000026,C00214,2024-12-03,Cancelled
O000027,C00287,2025-07-24,Pending
O000028,C00427,2025-09-17,Pending
O000029,C00134,2026-03-05,Pending
O000030,C00152,2025-09-29,Cancelled
O000031,C00374,2024-08-21,Cancelled
O000032,C00388,2025-03-01,Pending
O000033,C00279,2026-02-05,Pending
O000034,C00064,2025-02-07,Completed
O000035,C00141,2025-07-30,Completed
O000036,C00316,2025-03-05,Completed
O000037,C00186,2026-05-21,Cancelled
O000038,C00042,2026-05-03,Pending
O000039,C00014,2026-04-29,Pending
O000040,C00231,2026-08-03,Completed
O000041,C00471,2024-08-20,Pending
O000042,C00386,2026-01-25,Pending
O000043,C00352,2025-01-08,Pending
O000044,C00204,2026-01-21,Cancelled
O000045,C00311,2025-09-04,Completed
O000046,C00399,2025-09-30,Completed
O000047,C00230,2024-09-24,Pending
O000048,C00402,2026-03-30,Cancelled
O000049,C00218,2026-01-17,Completed
O000050,C00118,2025-08-28,Cancelled
O000051,C00211,2025-02-07,Pending
O000052,C00204,2025-02-13,Completed
O000053,C00053,2026-03-01,Cancelled
O000054,C00080,2026-05-21,Cancelled
O000055,C00424,2026-02-11,Pending
O000056,C00252,2025-10-01,Pending
O000057,C00184,2025-11-09,Pending
O000058,C00018,2024-11-16,Completed
O000059,C00205,2024-09-18,Cancelled
O000060,C00106,2025-05-16,Cancelled
O000061,C00080,2024-10-06,Pending
O000062,C00282,2024-09-29,Completed
O000063,C00224,2025-06-03,Completed
O000064,C00180,2025-03-23,Pending
O000065,C00071,2025-09-03,Completed
O000066,C00385,2026-02-26,Pending
O000067,C00291,2025-02-26,Completed
O000068,C00049,2026-07-27,Cancelled
O000069,C00118,2026-01-15,Pending
O000070,C00247,2026-04-20,Completed
O000071,C00361,2025-11-23,Completed
O000072,C00360,2025-11-11,Pending
O000073,C00294,2025-09-15,Pending
O000074,C00225,2026-05-26,Pending
O000075,C00156,2024-11-17,Pending
O000076,C00376,2026-07-11,Cancelled
O000077,C00366,2026-07-07,Pending
O000078,C00369,2025-04-14,Completed
O000079,C00263,2026-03-28,Pending
O000080,C00355,2025-05-16,Cancelled
O000081,C00320,2025-01-19,Cancelled
O000082,C00173,2024-12-28,Pending
O000083,C00213,2025-08-10,Cancelled
O000084,C00382,2026-04-05,Completed
O000085,C00446,2025-05-24,Pending
O000086,C00276,2026-01-08,Cancelled
O000087,C00286,2026-05-10,Pending
O000088,C00492,2026-05-09,Completed
O000089,C00349,2025-04-02,Cancelled
O000090,C00070,2025-02-25,Completed
O000091,C00093,2025-08-27,Cancelled
O000092,C00299,2025-02-03,Pending
O000093,C00287,2026-06-15,Completed
O000094,C00255,2025-12-15,Completed
O000095,C00349,2024-08-17,Completed
O000096,C00401,2025-07-29,Pending
O000097,C00164,2024-09-05,Completed
O000098,C00184,2026-05-18,Cancelled
O000099,C00305,2024-12-03,Pending
O000100,C00018,2025-04-08,Cancelled
O000101,C00492,2026-06-25,Pending
O000102,C00060,2025-12-17,Completed
O000103,C00185,2026-06-10,Completed
O000104,C00324,2026-06-01,Pending
O000105,C00473,2025-06-15,Completed
O000106,C00295,2024-12-26,Cancelled
O000107,C00301,2024-10-17,Completed
O000108,C00204,2025-11-04,Completed
O000109,C00052,2026-06-07,Pending
O000110,C00031,2025-07-30,Cancelled
O000111,C00230,2024-12-02,Cancelled
O000112,C00479,2025-01-26,Completed
O000113,C00387,2026-05-28,Pending
O000114,C00256,2026-06-04,Pending
O000115,C00357,2025-06-07,Cancelled
O000116,C00272,2025-02-26,Completed
O000117,C00336,2026-06-21,Completed
O000118,C00418,2026-02-21,Cancelled
O000119,C00368,2024-08-16,Pending
O000120,C00310,2025-10-16,Cancelled
O000121,C00010,2025-06-13,Cancelled
O000122,C00202,2025-06-21,Completed
O000123,C00247,2026-05-08,Pending
O000124,C00461,2026-07-15,Pending
O000125,C00410,2025-01-16,Completed
O000126,C00078,2025-05-30,Cancelled
O000127,C00106,2026-06-07,Completed
O000128,C00401,2024-08-24,Cancelled
O000129,C00128,2026-04-29,Cancelled
O000130,C00409,2026-05-13,Completed
O000131,C00316,2024-10-26,Completed
O000132,C00313,2025-03-11,Completed
O000133,C00242,2025-04-10,Completed
O000134,C00410,2026-01-27,Completed
O000135,C00091,2025-10-02,Pending
O000136,C00003,2025-10-15,Cancelled
O000137,C00294,2025-07-18,Completed
O000138,C00475,2025-07-04,Pending
O000139,C00051,2024-11-18,Completed
O000140,C00197,2025-12-31,Cancelled
O000141,C00156,2025-07-30,Pending
O000142,C00216,2026-03-27,Completed
O000143,C00252,2024-08-12,Pending
O000144,C00435,2026-05-27,Pending
O000145,C00430,2026-05-20,Cancelled
O000146,C00400,2025-07-13,Cancelled
O000147,C00168,2025-08-06,Cancelled
O000148,C00405,2025-09-01,Pending
O000149,C00088,2026-05-11,Pending
O000150,C00009,2026-05-26,Cancelled
O000151,C00343,2025-05-16,Completed
O000152,C00454,2025-12-20,Pending
O000153,C00429,2024-08-13,Completed
O000154,C00010,2025-04-25,Pending
O000155,C00341,2026-04-14,Completed
O000156,C00447,2025-04-17,Pending
O000157,C00484,2025-10-17,Cancelled
O000158,C00222,2026-01-19,Pending
O000159,C00452,2025-09-13,Cancelled
O000160,C00387,2024-08-21,Pending
O000161,C00034,2025-06-24,Cancelled
O000162,C00363,2025-10-08,Completed
O000163,C00442,2024-08-10,Pending
O000164,C00493,2024-09-14,Pending
O000165,C00084,2025-08-26,Pending
O000166,C00480,2026-02-26,Cancelled
O000167,C00415,2026-07-12,Pending
O000168,C00011,2026-07-12,Completed
O000169,C00389,2026-04-27,Pending
O000170,C00141,2025-02-18,Completed
O000171,C00150,2025-05-16,Pending
O000172,C00242,2025-06-09,Completed
O000173,C00356,2025-11-04,Completed
O000174,C00036,2026-01-24,Cancelled
O000175,C00083,2024-12-19,Pending
O000176,C00489,2025-09-11,Pending
O000177,C00478,2026-07-28,Pending
O000178,C00414,2025-04-08,Pending
O000179,C00294,2025-04-29,Cancelled
O000180,C00477,2026-04-30,Cancelled
O000181,C00412,2025-05-30,Pending
O000182,C00086,2025-07-25,Cancelled
O000183,C00093,2025-05-03,Pending
O000184,C00031,2025-10-08,Completed
O000185,C00070,2025-08-21,Cancelled
O000186,C00322,2025-08-21,Completed
O000187,C00284,2024-08-20,Cancelled
O000188,C00273,2025-08-18,Cancelled
O000189,C00310,2024-12-15,Cancelled
O000190,C00134,2025-06-01,Completed
O000191,C00458,2026-01-31,Completed
O000192,C00452,2025-01-07,Completed
O000193,C00421,2026-04-06,Cancelled
O000194,C00251,2025-06-27,Pending
O000195,C00016,2025-11-15,Pending
O000196,C00123,2025-01-02,Pending
O000197,C00469,2025-04-02,Pending
O000198,C00331,2026-04-02,Completed
O000199,C00072,2025-03-31,Cancelled
O000200,C00196,2025-06-28,Cancelled
O000201,C00160,2025-11-09,Cancelled
O000202,C00294,2024-12-08,Pending
O000203,C00062,2025-02-18,Completed
O000204,C00097,2025-06-06,Pending
O000205,C00130,2026-06-16,Pending
O000206,C00468,2024-12-16,Pending
O000207,C00355,2025-03-28,Pending
O000208,C00345,2024-11-17,Completed
O000209,C00133,2025-07-18,Pending
O000210,C00255,2024-10-15,Cancelled
O000211,C00348,2026-03-07,Cancelled
O000212,C00346,2025-09-26,Cancelled
O000213,C00138,2025-03-08,Completed
O000214,C00158,2024-08-13,Completed
O000215,C00090,2026-05-07,Cancelled
O000216,C00250,2025-07-02,Completed
O000217,C00172,2026-02-13,Completed
O000218,C00421,2025-04-24,Pending
O000219,C00365,2024-10-05,Cancelled
O000220,C00212,2025-04-07,Completed
O000221,C00155,2025-09-11,Cancelled
O000222,C00140,2025-10-13,Pending
O000223,C00189,2025-07-22,Pending
O000224,C00479,2025-09-24,Completed
O000225,C00363,2026-03-10,Cancelled
O000226,C00367,2025-07-07,Pending
O000227,C00015,2024-09-10,Completed
O000228,C00278,2025-02-24,Cancelled
O000229,C00457,2026-05-16,Cancelled
O000230,C00196,2025-08-13,Cancelled
O000231,C00293,2025-04-24,Cancelled
O000232,C00195,2025-11-04,Pending
O000233,C00092,2025-12-16,Pending
O000234,C00445,2026-06-12,Pending
O000235,C00100,2025-10-03,Completed
O000236,C00001,2024-12-06,Cancelled
O000237,C00184,2026-07-19,Completed
O000238,C00319,2025-06-23,Pending
O000239,C00295,2026-01-06,Completed
O000240,C00073,2025-06-07,Cancelled
O000241,C00290,2025-03-09,Pending
O000242,C00466,2026-05-09,Completed
O000243,C00366,2025-07-25,Completed
O000244,C00353,2024-10-01,Pending
O000245,C00145,2025-05-04,Pending
O000246,C00029,2026-04-17,Completed
O000247,C00287,2024-10-25,Pending
O000248,C00432,2025-03-26,Pending
O000249,C00399,2025-02-24,Cancelled
O000250,C00270,2026-02-04,Pending
O000251,C00171,2025-10-03,Pending
O000252,C00355,2025-01-17,Pending
O000253,C00356,2024-12-05,Cancelled
O000254,C00186,2025-04-19,Cancelled
O000255,C00150,2025-08-15,Cancelled
O000256,C00377,2024-09-16,Cancelled
O000257,C00461,2025-04-10,Cancelled
O000258,C00087,2025-11-22,Cancelled
O000259,C00153,2026-04-17,Completed
O000260,C00024,2026-07-14,Completed
O000261,C00485,2024-12-18,Completed
O000262,C00419,2024-08-25,Completed
O000263,C00385,2024-11-06,Cancelled
O000264,C00094,2024-08-08,Completed
O000265,C00398,2026-07-08,Cancelled
O000266,C00438,2025-11-06,Pending
O000267,C00046,2025-10-18,Completed
O000268,C00160,2026-06-26,Cancelled
O000269,C00137,2025-04-20,Completed
O000270,C00469,2026-01-17,Pending
O000271,C00360,2025-03-25,Completed
O000272,C00070,2025-03-12,Pending
O000273,C00142,2025-04-14,Cancelled
O000274,C00311,2026-03-13,Pending
O000275,C00241,2025-01-28,Completed
O000276,C00322,2025-04-17,Cancelled
O000277,C00080,2025-08-13,Cancelled
O000278,C00298,2026-01-02,Cancelled
O000279,C00433,2024-09-11,Pending
O000280,C00017,2025-06-07,Pending
O000281,C00042,2025-07-14,Pending
O000282,C00317,2025-02-13,Pending
O000283,C00102,2026-01-11,Completed
O000284,C00465,2025-11-30,Pending
O000285,C00116,2025-11-07,Cancelled
O000286,C00151,2025-03-25,Cancelled
O000287,C00311,2025-06-12,Completed
O000288,C00224,2026-07-16,Completed
O000289,C00120,2025-12-28,Cancelled
O000290,C00043,2025-12-20,Completed
O000291,C00086,2025-03-24,Completed
O000292,C00465,2026-06-11,Completed
O000293,C00435,2026-03-10,Cancelled
O000294,C00112,2025-12-26,Pending
O000295,C00092,2025-11-19,Completed
O000296,C00125,2025-03-23,Pending
O000297,C00004,2025-07-18,Cancelled
O000298,C00376,2025-06-30,Cancelled
O000299,C00204,2025-09-06,Completed
O000300,C00057,2025-07-04,Pending
O000301,C00329,2026-03-13,Pending
O000302,C00077,2026-04-01,Cancelled
O000303,C00485,2025-08-01,Pending
O000304,C00089,2025-09-02,Cancelled
O000305,C00016,2025-02-07,Completed
O000306,C00110,2026-05-20,Pending
O000307,C00351,2025-12-10,Pending
O000308,C00404,2025-04-24,Pending
O000309,C00393,2025-06-25,Completed
O000310,C00190,2025-02-10,Pending
O000311,C00046,2024-11-19,Completed
O000312,C00358,2026-01-08,Completed
O000313,C00219,2025-06-10,Completed
O000314,C00027,2026-05-02,Pending
O000315,C00017,2024-11-21,Completed
O000316,C00147,2025-03-31,Completed
O000317,C00035,2026-04-19,Pending
O000318,C00273,2024-12-15,Cancelled
O000319,C00113,2025-10-07,Completed
O000320,C00006,2025-03-25,Pending
O000321,C00162,2025-01-04,Completed
O000322,C00404,2024-12-14,Completed
O000323,C00095,2025-06-09,Cancelled
O000324,C00260,2026-02-18,Completed
O000325,C00462,2025-09-13,Completed
O000326,C00460,2024-09-09,Completed
O000327,C00081,2025-12-07,Cancelled
O000328,C00453,2025-06-14,Cancelled
O000329,C00421,2026-02-12,Completed
O000330,C00184,2025-08-09,Cancelled
O000331,C00126,2025-01-19,Completed
O000332,C00028,2025-08-08,Completed
O000333,C00056,2026-06-08,Cancelled
O000334,C00082,2026-04-30,Cancelled
O000335,C00496,2024-08-27,Cancelled
O000336,C00125,2025-08-22,Completed
O000337,C00399,2024-08-27,Pending
O000338,C00412,2025-05-23,Pending
O000339,C00405,2026-07-31,Completed
O000340,C00178,2025-08-19,Pending
O000341,C00013,2025-05-19,Completed
O000342,C00264,2025-10-16,Completed
O000343,C00012,2025-03-08,Pending
O000344,C00091,2024-08-17,Cancelled
O000345,C00085,2025-08-15,Completed
O000346,C00277,2025-04-22,Cancelled
O000347,C00208,2026-04-10,Cancelled
O000348,C00239,2024-11-27,Completed
O000349,C00499,2024-08-09,Cancelled
O000350,C00432,2025-10-28,Pending
O000351,C00111,2026-07-18,Pending
O000352,C00397,2024-08-15,Cancelled
O000353,C00404,2025-01-24,Pending
O000354,C00263,2025-04-15,Cancelled
O000355,C00098,2025-06-04,Pending
O000356,C00148,2025-01-30,Cancelled
O000357,C00402,2024-12-15,Cancelled
O000358,C00077,2026-04-07,Cancelled
O000359,C00410,2025-03-10,Pending
O000360,C00040,2025-09-28,Pending
O000361,C00246,2024-10-02,Completed
O000362,C00155,2026-01-02,Pending
O000363,C00245,2025-09-07,Pending
O000364,C00065,2026-06-10,Completed
O000365,C00368,2025-10-30,Cancelled
O000366,C00428,2024-09-01,Completed
O000367,C00159,2025-04-10,Pending
O000368,C00498,2025-03-03,Cancelled
O000369,C00002,2025-04-30,Completed
O000370,C00162,2025-05-25,Pending
O000371,C00095,2025-03-24,Cancelled
O000372,C00339,2026-01-13,Pending
O000373,C00216,2026-07-13,Pending
O000374,C00345,2024-11-30,Pending
O000375,C00467,2025-07-23,Completed
O000376,C00445,2025-05-04,Completed
O000377,C00462,2025-06-04,Pending
O000378,C00358,2026-07-06,Completed
O000379,C00463,2026-02-24,Pending
O000380,C00149,2026-03-26,Cancelled
O000381,C00230,2026-03-20,Completed
O000382,C00452,2026-01-30,Pending
O000383,C00168,2026-05-05,Completed
O000384,C00418,2025-07-28,Cancelled
O000385,C00352,2025-12-03,Completed
O000386,C00322,2025-08-04,Completed
O000387,C00027,2025-04-29,Cancelled
O000388,C00083,2025-01-22,Pending
O000389,C00412,2024-09-25,Completed
O000390,C00398,2025-02-17,Completed
O000391,C00236,2026-04-28,Cancelled
O000392,C00470,2026-04-20,Completed
O000393,C00241,2024-10-17,Completed
O000394,C00228,2024-09-09,Completed
O000395,C00086,2026-05-20,Cancelled
O000396,C00317,2026-02-28,Pending
O000397,C00121,2025-03-09,Cancelled
O000398,C00044,2025-05-05,Pending
O000399,C00313,2025-04-10,Pending
O000400,C00412,2026-01-24,Pending
O000401,C00366,2025-08-24,Pending
O000402,C00170,2026-05-03,Completed
O000403,C00424,2026-05-25,Cancelled
O000404,C00346,2024-09-03,Completed
O000405,C00029,2025-07-23,Completed
O000406,C00020,2026-06-04,Pending
O000407,C00242,2025-08-04,Completed
O000408,C00400,2026-02-11,Completed
O000409,C00113,2025-11-26,Pending
O000410,C00091,2024-08-18,Cancelled
O000411,C00249,2025-08-03,Pending
O000412,C00116,2025-12-07,Completed
O000413,C00152,2024-09-23,Pending
O000414,C00326,2025-01-18,Cancelled
O000415,C00021,2025-09-22,Pending
O000416,C00492,2025-05-26,Cancelled
O000417,C00383,2025-04-03,Pending
O000418,C00465,2024-08-10,Cancelled
O000419,C00135,2025-01-21,Cancelled
O000420,C00464,2026-07-01,Cancelled
O000421,C00056,2025-05-09,Cancelled
O000422,C00284,2026-03-07,Cancelled
O000423,C00463,2025-08-23,Cancelled
O000424,C00451,2025-08-19,Cancelled
O000425,C00293,2024-11-16,Cancelled
O000426,C00351,2024-08-13,Pending
O000427,C00390,2025-07-08,Cancelled
O000428,C00431,2026-07-10,Completed
O000429,C00146,2025-08-07,Pending
O000430,C00014,2025-06-11,Cancelled
O000431,C00024,2025-04-05,Pending
O000432,C00245,2024-09-08,Pending
O000433,C00486,2026-06-21,Cancelled
O000434,C00198,2025-06-07,Pending
O000435,C00198,2024-10-05,Completed
O000436,C00439,2025-03-09,Cancelled
O000437,C00127,2026-07-22,Completed
O000438,C00398,2026-02-04,Completed
O000439,C00241,2024-09-24,Completed
O000440,C00403,2025-02-07,Cancelled
O000441,C00319,2024-09-01,Pending
O000442,C00326,2025-06-03,Pending
O000443,C00033,2026-06-02,Completed
O000444,C00254,2025-07-18,Completed
O000445,C00495,2026-02-14,Completed
O000446,C00144,2025-05-14,Pending
O000447,C00281,2025-09-28,Cancelled
O000448,C00403,2026-03-21,Cancelled
O000449,C00136,2024-10-01,Pending
O000450,C00409,2025-06-26,Completed
O000451,C00479,2026-01-03,Cancelled
O000452,C00118,2024-12-27,Cancelled
O000453,C00138,2026-04-18,Cancelled
O000454,C00202,2024-11-28,Pending
O000455,C00324,2025-07-13,Completed
O000456,C00394,2025-10-30,Cancelled
O000457,C00333,2026-01-16,Cancelled
O000458,C00273,2025-03-10,Pending
O000459,C00395,2026-05-24,Pending
O000460,C00120,2026-06-28,Cancelled
O000461,C00008,2024-10-08,Pending
O000462,C00090,2024-10-27,Pending
O000463,C00241,2024-09-12,Completed
O000464,C00245,2025-07-01,Pending
O000465,C00472,2026-03-27,Completed
O000466,C00090,2025-01-06,Completed
O000467,C00352,2025-02-22,Cancelled
O000468,C00359,2025-11-16,Pending
O000469,C00051,2026-01-17,Pending
O000470,C00360,2024-08-04,Cancelled
O000471,C00340,2026-01-18,Completed
O000472,C00178,2025-06-18,Pending
O000473,C00261,2025-12-03,Completed
O000474,C00065,2024-11-18,Completed
O000475,C00377,2025-09-20,Completed
O000476,C00042,2026-04-29,Pending
O000477,C00032,2025-11-13,Pending
O000478,C00217,2025-05-22,Cancelled
O000479,C00106,2024-08-24,Cancelled
O000480,C00358,2025-11-16,Cancelled
O000481,C00204,2026-02-11,Cancelled
O000482,C00063,2024-10-29,Completed
O000483,C00138,2025-11-26,Pending
O000484,C00474,2026-05-13,Pending
O000485,C00249,2025-12-26,Completed
O000486,C00274,2025-12-04,Completed
O000487,C00466,2024-10-12,Pending
O000488,C00233,2025-02-09,Pending
O000489,C00039,2025-06-27,Pending
O000490,C00099,2024-09-20,Cancelled
O000491,C00399,2024-08-28,Completed
O000492,C00183,2026-06-28,Cancelled
O000493,C00038,2026-03-23,Completed
O000494,C00051,2025-05-02,Pending
O000495,C00376,2024-09-30,Completed
O000496,C00410,2024-09-09,Pending
O000497,C00302,2024-09-04,Pending
O000498,C00489,2026-07-25,Completed
O000499,C00497,2025-01-26,Pending
O000500,C00415,2025-03-16,Pending
O000501,C00184,2025-08-24,Completed
O000502,C00001,2025-08-26,Completed
O000503,C00430,2025-03-25,Pending
O000504,C00108,2025-12-02,Pending
O000505,C00128,2024-10-26,Completed
O000506,C00402,2025-09-16,Completed
O000507,C00068,2025-10-19,Cancelled
O000508,C00168,2025-08-23,Pending
O000509,C00426,2024-09-16,Pending
O000510,C00413,2025-03-08,Completed
O000511,C00202,2026-07-09,Completed
O000512,C00422,2025-08-14,Cancelled
O000513,C00452,2025-08-09,Completed
O000514,C00190,2024-10-27,Cancelled
O000515,C00365,2025-07-14,Cancelled
O000516,C00472,2025-04-15,Cancelled
O000517,C00261,2026-05-31,Completed
O000518,C00453,2025-03-10,Cancelled
O000519,C00315,2025-08-18,Cancelled
O000520,C00281,2026-02-17,Cancelled
O000521,C00279,2025-06-29,Cancelled
O000522,C00140,2025-05-29,Completed
O000523,C00283,2025-10-15,Pending
O000524,C00006,2026-03-05,Pending
O000525,C00309,2026-07-22,Completed
O000526,C00164,2026-06-01,Completed
O000527,C00007,2026-04-21,Completed
O000528,C00360,2025-03-06,Pending
O000529,C00193,2025-05-12,Pending
O000530,C00030,2024-11-08,Pending
O000531,C00174,2026-07-04,Pending
O000532,C00276,2025-04-09,Pending
O000533,C00266,2026-07-27,Completed
O000534,C00366,2026-06-26,Cancelled
O000535,C00317,2024-10-10,Pending
O000536,C00267,2024-09-14,Completed
O000537,C00254,2026-03-01,Pending
O000538,C00379,2026-04-21,Pending
O000539,C00420,2026-04-14,Cancelled
O000540,C00281,2025-11-15,Pending
O000541,C00145,2025-06-23,Completed
O000542,C00464,2025-09-30,Pending
O000543,C00369,2024-08-30,Cancelled
O000544,C00202,2025-10-21,Completed
O000545,C00381,2026-01-13,Cancelled
O000546,C00239,2025-05-10,Pending
O000547,C00272,2025-09-24,Pending
O000548,C00258,2026-02-19,Cancelled
O000549,C00355,2026-07-31,Pending
O000550,C00081,2025-04-25,Pending
O000551,C00466,2026-07-10,Cancelled
O000552,C00108,2025-01-30,Cancelled
O000553,C00057,2025-06-16,Pending
O000554,C00459,2025-12-11,Completed
O000555,C00154,2025-06-27,Completed
O000556,C00350,2025-06-16,Pending
O000557,C00484,2026-03-04,Pending
O000558,C00149,2025-09-24,Cancelled
O000559,C00284,2025-02-19,Pending
O000560,C00397,2025-06-03,Cancelled
O000561,C00207,2025-06-07,Pending
O000562,C00500,2024-12-08,Completed
O000563,C00147,2026-03-27,Cancelled
O000564,C00087,2025-05-05,Cancelled
O000565,C00405,2025-04-22,Completed
O000566,C00118,2025-07-04,Pending
O000567,C00471,2025-05-19,Pending
O000568,C00472,2024-09-23,Cancelled
O000569,C00293,2026-03-14,Pending
O000570,C00442,2026-01-06,Pending
O000571,C00343,2025-06-20,Completed
O000572,C00462,2024-09-08,Pending
O000573,C00176,2026-07-13,Pending
O000574,C00143,2025-02-22,Pending
O000575,C00333,2024-10-13,Completed
O000576,C00098,2026-06-25,Completed
O000577,C00459,2026-07-19,Pending
O000578,C00022,2025-03-01,Completed
O000579,C00158,2024-12-29,Cancelled
O000580,C00410,2026-06-04,Completed
O000581,C00010,2024-10-09,Completed
O000582,C00227,2026-04-22,Pending
O000583,C00458,2026-03-31,Pending
O000584,C00440,2025-08-26,Completed
O000585,C00082,2026-04-03,Completed
O000586,C00140,2025-12-02,Completed
O000587,C00119,2024-08-12,Pending
O000588,C00119,2024-08-17,Pending
O000589,C00262,2025-04-10,Cancelled
O000590,C00483,2025-04-19,Cancelled
O000591,C00194,2025-11-28,Cancelled
O000592,C00212,2025-02-28,Pending
O000593,C00190,2025-07-29,Completed
O000594,C00317,2024-08-19,Completed
O000595,C00340,2024-10-24,Cancelled
O000596,C00491,2025-09-06,Completed
O000597,C00046,2025-05-05,Pending
O000598,C00183,2024-08-21,Completed
O000599,C00057,2026-01-20,Completed
O000600,C00074,2025-01-29,Pending
O000601,C00403,2025-04-29,Pending
O000602,C00132,2026-08-03,Completed
O000603,C00370,2025-02-05,Pending
O000604,C00323,2026-06-17,Cancelled
O000605,C00162,2024-09-26,Completed
O000606,C00003,2025-12-01,Completed
O000607,C00024,2025-06-20,Completed
O000608,C00220,2026-07-19,Pending
O000609,C00378,2026-05-12,Cancelled
O000610,C00239,2026-02-11,Completed
O000611,C00222,2025-12-18,Completed
O000612,C00337,2026-06-12,Cancelled
O000613,C00289,2024-09-09,Cancelled
O000614,C00205,2026-01-03,Cancelled
O000615,C00097,2026-05-30,Pending
O000616,C00264,2024-11-09,Cancelled
O000617,C00495,2025-12-25,Completed
O000618,C00064,2024-09-18,Cancelled
O000619,C00236,2024-11-27,Pending
O000620,C00475,2025-02-06,Cancelled
O000621,C00322,2024-09-09,Cancelled
O000622,C00316,2025-03-11,Cancelled
O000623,C00190,2026-07-11,Cancelled
O000624,C00478,2026-05-21,Cancelled
O000625,C00078,2026-06-29,Completed
O000626,C00276,2026-04-13,Completed
O000627,C00266,2026-05-21,Cancelled
O000628,C00264,2026-03-20,Cancelled
O000629,C00176,2025-06-05,Pending
O000630,C00223,2025-07-11,Cancelled
O000631,C00052,2025-10-07,Pending
O000632,C00178,2025-12-12,Completed
O000633,C00228,2026-05-23,Completed
O000634,C00353,2025-03-06,Completed
O000635,C00406,2025-12-21,Completed
O000636,C00381,2024-08-06,Pending
O000637,C00187,2024-12-07,Pending
O000638,C00254,2026-01-31,Cancelled
O000639,C00227,2025-04-12,Cancelled
O000640,C00006,2026-03-27,Cancelled
O000641,C00375,2025-01-07,Pending
O000642,C00224,2025-11-17,Pending
O000643,C00277,2025-01-10,Cancelled
O000644,C00363,2025-02-15,Pending
O000645,C00459,2025-03-27,Pending
O000646,C00399,2024-11-17,Completed
O000647,C00098,2026-02-08,Completed
O000648,C00244,2025-09-08,Completed
O000649,C00074,2025-05-31,Cancelled
O000650,C00296,2026-05-23,Pending
O000651,C00037,2025-10-14,Cancelled
O000652,C00334,2025-02-06,Completed
O000653,C00178,2026-04-12,Completed
O000654,C00099,2025-01-15,Pending
O000655,C00134,2025-12-26,Cancelled
O000656,C00141,2026-04-21,Cancelled
O000657,C00158,2025-04-28,Completed
O000658,C00303,2026-03-01,Completed
O000659,C00392,2025-06-06,Pending
O000660,C00043,2026-04-18,Pending
O000661,C00154,2025-04-14,Completed
O000662,C00214,2025-08-07,Cancelled
O000663,C00125,2024-08-14,Completed
O000664,C00235,2024-12-20,Pending
O000665,C00084,2024-08-15,Cancelled
O000666,C00476,2026-07-23,Pending
O000667,C00354,2025-11-28,Cancelled
O000668,C00321,2024-08-27,Cancelled
O000669,C00393,2026-05-09,Completed
O000670,C00185,2025-02-27,Completed
O000671,C00463,2026-05-18,Cancelled
O000672,C00491,2024-09-25,Pending
O000673,C00216,2024-11-01,Pending
O000674,C00110,2025-01-01,Pending
O000675,C00294,2025-11-23,Completed
O000676,C00048,2024-10-14,Cancelled
O000677,C00062,2024-11-17,Cancelled
O000678,C00062,2026-08-02,Cancelled
O000679,C00477,2025-02-20,Pending
O000680,C00132,2025-01-29,Cancelled
O000681,C00050,2026-03-19,Pending
O000682,C00053,2025-11-04,Completed
O000683,C00241,2026-06-19,Completed
O000684,C00277,2025-06-03,Completed
O000685,C00412,2025-09-13,Pending
O000686,C00060,2024-11-10,Pending
O000687,C00387,2025-03-18,Pending
O000688,C00415,2025-12-15,Cancelled
O000689,C00096,2025-07-22,Pending
O000690,C00198,2024-08-21,Completed
O000691,C00359,2026-07-22,Pending
O000692,C00421,2024-09-06,Cancelled
O000693,C00252,2025-08-04,Completed
O000694,C00369,2026-01-02,Cancelled
O000695,C00159,2025-12-26,Cancelled
O000696,C00364,2024-10-12,Cancelled
O000697,C00278,2025-03-30,Pending
O000698,C00270,2025-09-01,Pending
O000699,C00256,2025-06-29,Completed
O000700,C00281,2026-05-11,Completed
O000701,C00439,2026-05-25,Completed
O000702,C00279,2025-05-07,Cancelled
O000703,C00481,2025-10-21,Pending
O000704,C00186,2026-05-22,Cancelled
O000705,C00147,2025-06-10,Pending
O000706,C00387,2024-11-16,Cancelled
O000707,C00373,2026-02-24,Pending
O000708,C00423,2025-08-05,Pending
O000709,C00267,2025-07-28,Pending
O000710,C00166,2025-04-21,Cancelled
O000711,C00016,2025-10-23,Cancelled
O000712,C00137,2025-07-25,Completed
O000713,C00333,2026-05-22,Completed
O000714,C00472,2025-11-09,Pending
O000715,C00220,2026-04-12,Cancelled
O000716,C00484,2025-02-01,Pending
O000717,C00454,2024-08-30,Cancelled
O000718,C00202,2026-07-29,Completed
O000719,C00219,2025-03-06,Cancelled
O000720,C00128,2025-07-08,Completed
O000721,C00035,2025-08-19,Pending
O000722,C00259,2026-05-09,Cancelled
O000723,C00101,2024-09-28,Completed
O000724,C00095,2025-11-07,Cancelled
O000725,C00477,2025-08-15,Pending
O000726,C00167,2025-03-20,Completed
O000727,C00481,2025-02-21,Pending
O000728,C00131,2024-09-17,Completed
O000729,C00331,2026-03-16,Cancelled
O000730,C00293,2025-12-17,Completed
O000731,C00312,2025-06-13,Completed
O000732,C00160,2026-01-24,Pending
O000733,C00478,2024-10-31,Cancelled
O000734,C00207,2024-12-15,Completed
O000735,C00139,2026-01-25,Pending
O000736,C00314,2024-11-11,Cancelled
O000737,C00329,2025-04-26,Cancelled
O000738,C00403,2024-10-20,Completed
O000739,C00385,2024-09-12,Cancelled
O000740,C00041,2026-06-15,Pending
O000741,C00003,2024-09-25,Cancelled
O000742,C00415,2026-01-09,Completed
O000743,C00161,2024-08-16,Completed
O000744,C00158,2025-10-16,Completed
O000745,C00323,2026-07-20,Pending
O000746,C00256,2025-06-30,Pending
O000747,C00006,2025-09-19,Completed
O000748,C00292,2024-08-24,Completed
O000749,C00488,2024-08-24,Pending
O000750,C00201,2025-08-19,Pending
O000751,C00307,2025-04-01,Pending
O000752,C00330,2026-01-17,Cancelled
O000753,C00427,2024-10-02,Completed
O000754,C00431,2026-05-28,Cancelled
O000755,C00110,2026-02-25,Cancelled
O000756,C00369,2025-11-20,Pending
O000757,C00026,2025-08-06,Pending
O000758,C00478,2025-10-22,Completed
O000759,C00326,2026-01-12,Pending
O000760,C00360,2024-11-03,Cancelled
O000761,C00343,2026-01-25,Cancelled
O000762,C00491,2025-12-12,Pending
O000763,C00132,2026-01-17,Pending
O000764,C00009,2025-11-12,Cancelled
O000765,C00274,2025-12-09,Pending
O000766,C00266,2025-09-07,Cancelled
O000767,C00348,2025-04-05,Completed
O000768,C00042,2025-02-22,Completed
O000769,C00153,2025-09-21,Cancelled
O000770,C00139,2025-12-25,Completed
O000771,C00375,2024-09-27,Cancelled
O000772,C00038,2025-07-28,Completed
O000773,C00155,2025-03-23,Completed
O000774,C00293,2024-10-08,Pending
O000775,C00442,2025-02-22,Completed
O000776,C00019,2024-08-08,Cancelled
O000777,C00377,2026-03-12,Cancelled
O000778,C00182,2024-09-26,Pending
O000779,C00352,2026-03-15,Cancelled
O000780,C00177,2026-05-12,Completed
O000781,C00405,2026-04-18,Pending
O000782,C00081,2025-07-06,Cancelled
O000783,C00168,2025-04-23,Completed
O000784,C00415,2024-12-04,Pending
O000785,C00406,2026-03-11,Completed
O000786,C00212,2024-12-13,Completed
O000787,C00125,2026-07-07,Pending
O000788,C00016,2024-10-14,Pending
O000789,C00454,2024-12-20,Completed
O000790,C00159,2025-04-18,Completed
O000791,C00274,2025-01-20,Pending
O000792,C00034,2024-10-16,Cancelled
O000793,C00261,2026-04-21,Pending
O000794,C00308,2025-01-09,Pending
O000795,C00444,2025-03-01,Completed
O000796,C00127,2026-01-21,Completed
O000797,C00120,2026-02-15,Pending
O000798,C00406,2025-07-09,Cancelled
O000799,C00316,2025-08-25,Pending
O000800,C00218,2025-05-15,Cancelled
O000801,C00071,2025-05-04,Completed
O000802,C00319,2026-02-14,Completed
O000803,C00189,2024-10-23,Cancelled
O000804,C00253,2024-10-04,Cancelled
O000805,C00397,2025-01-07,Completed
O000806,C00185,2026-04-12,Completed
O000807,C00170,2026-01-08,Completed
O000808,C00330,2026-02-05,Cancelled
O000809,C00225,2025-10-03,Pending
O000810,C00454,2025-12-13,Pending
O000811,C00310,2026-07-10,Pending
O000812,C00434,2026-02-03,Pending
O000813,C00449,2026-04-15,Completed
O000814,C00427,2025-04-22,Completed
O000815,C00006,2026-01-29,Cancelled
O000816,C00128,2025-02-09,Completed
O000817,C00131,2025-08-26,Cancelled
O000818,C00110,2026-04-24,Cancelled
O000819,C00004,2026-05-24,Cancelled
O000820,C00006,2026-05-23,Cancelled
O000821,C00393,2024-11-14,Pending
O000822,C00261,2026-03-20,Cancelled
O000823,C00009,2025-07-29,Cancelled
O000824,C00323,2026-07-14,Cancelled
O000825,C00060,2025-05-17,Pending
O000826,C00108,2025-11-06,Completed
O000827,C00202,2025-11-06,Pending
O000828,C00329,2025-08-08,Completed
O000829,C00381,2026-03-19,Cancelled
O000830,C00429,2026-05-05,Completed
O000831,C00379,2026-05-19,Cancelled
O000832,C00286,2025-03-30,Pending
O000833,C00211,2024-11-30,Completed
O000834,C00137,2024-12-06,Cancelled
O000835,C00125,2024-08-21,Completed
O000836,C00214,2025-04-19,Cancelled
O000837,C00284,2024-10-30,Completed
O000838,C00464,2025-10-06,Pending
O000839,C00338,2025-12-08,Pending
O000840,C00026,2024-09-29,Cancelled
O000841,C00091,2024-10-04,Cancelled
O000842,C00490,2025-02-20,Cancelled
O000843,C00384,2025-05-07,Cancelled
O000844,C00082,2024-09-23,Completed
O000845,C00454,2025-04-02,Completed
O000846,C00134,2025-05-07,Pending
O000847,C00250,2025-12-11,Completed
O000848,C00168,2024-12-23,Pending
O000849,C00258,2026-04-01,Pending
O000850,C00321,2026-04-02,Cancelled
O000851,C00078,2024-12-03,Pending
O000852,C00249,2026-05-03,Cancelled
O000853,C00420,2024-09-07,Cancelled
O000854,C00295,2025-04-09,Pending
O000855,C00083,2024-08-06,Completed
O000856,C00478,2026-07-12,Cancelled
O000857,C00107,2025-07-03,Completed
O000858,C00255,2025-02-23,Completed
O000859,C00045,2024-12-27,Completed
O000860,C00263,2026-05-19,Pending
O000861,C00376,2026-01-21,Pending
O000862,C00070,2025-01-28,Cancelled
O000863,C00004,2025-11-18,Pending
O000864,C00056,2025-02-03,Completed
O000865,C00482,2024-12-27,Completed
O000866,C00101,2025-09-05,Cancelled
O000867,C00324,2024-12-25,Cancelled
O000868,C00009,2026-02-17,Completed
O000869,C00403,2026-02-04,Cancelled
O000870,C00139,2025-11-23,Pending
O000871,C00120,2024-11-05,Cancelled
O000872,C00278,2025-08-04,Pending
O000873,C00366,2025-01-24,Pending
O000874,C00108,2026-03-27,Completed
O000875,C00168,2026-02-17,Pending
O000876,C00265,2026-05-04,Pending
O000877,C00016,2025-04-04,Pending
O000878,C00296,2026-06-08,Completed
O000879,C00435,2024-11-12,Cancelled
O000880,C00321,2025-07-22,Pending
O000881,C00139,2025-11-29,Completed
O000882,C00124,2025-08-21,Completed
O000883,C00152,2024-11-06,Completed
O000884,C00328,2025-06-04,Cancelled
O000885,C00119,2025-04-11,Pending
O000886,C00206,2026-06-11,Completed
O000887,C00008,2026-05-27,Completed
O000888,C00221,2025-10-19,Pending
O000889,C00340,2026-04-12,Cancelled
O000890,C00077,2026-05-01,Cancelled
O000891,C00296,2024-10-16,Pending
O000892,C00068,2025-08-29,Cancelled
O000893,C00398,2024-12-30,Completed
O000894,C00167,2025-04-26,Cancelled
O000895,C00160,2025-10-30,Pending
O000896,C00362,2024-09-24,Cancelled
O000897,C00026,2025-09-15,Cancelled
O000898,C00472,2024-10-27,Cancelled
O000899,C00465,2026-06-23,Completed
O000900,C00273,2026-06-05,Cancelled
O000901,C00108,2025-04-17,Cancelled
O000902,C00246,2024-08-22,Pending
O000903,C00357,2026-06-12,Completed
O000904,C00331,2026-04-20,Cancelled
O000905,C00243,2025-10-04,Completed
O000906,C00097,2025-03-26,Completed
O000907,C00491,2026-01-28,Cancelled
O000908,C00080,2025-06-19,Pending
O000909,C00147,2024-08-21,Completed
O000910,C00110,2024-09-02,Completed
O000911,C00038,2025-01-19,Pending
O000912,C00227,2025-01-24,Completed
O000913,C00305,2025-11-08,Cancelled
O000914,C00238,2025-12-19,Completed
O000915,C00351,2024-09-04,Pending
O000916,C00149,2025-01-23,Cancelled
O000917,C00351,2025-08-29,Completed
O000918,C00047,2024-12-22,Completed
O000919,C00280,2025-09-09,Completed
O000920,C00499,2025-04-17,Pending
O000921,C00145,2026-07-07,Cancelled
O000922,C00287,2024-08-14,Cancelled
O000923,C00373,2025-12-25,Cancelled
O000924,C00124,2026-01-21,Pending
O000925,C00413,2025-12-20,Completed
O000926,C00410,2025-06-29,Pending
O000927,C00128,2025-07-25,Pending
O000928,C00099,2025-06-17,Cancelled
O000929,C00134,2025-05-13,Completed
O000930,C00445,2026-01-01,Pending
O000931,C00053,2025-11-17,Pending
O000932,C00211,2026-07-18,Completed
O000933,C00391,2024-08-27,Pending
O000934,C00478,2025-01-26,Cancelled
O000935,C00060,2024-12-16,Cancelled
O000936,C00045,2025-09-23,Completed
O000937,C00157,2026-01-03,Completed
O000938,C00478,2026-05-11,Pending
O000939,C00020,2025-03-01,Pending
O000940,C00311,2024-10-14,Pending
O000941,C00083,2026-05-24,Pending
O000942,C00197,2025-05-26,Pending
O000943,C00056,2026-07-08,Completed
O000944,C00182,2024-08-09,Pending
O000945,C00036,2026-06-11,Pending
O000946,C00459,2026-01-21,Pending
O000947,C00434,2025-01-15,Cancelled
O000948,C00042,2025-05-07,Cancelled
O000949,C00010,2025-02-28,Cancelled
O000950,C00154,2025-06-15,Completed
O000951,C00143,2025-06-02,Pending
O000952,C00197,2025-03-26,Pending
O000953,C00168,2025-08-14,Pending
O000954,C00476,2025-03-22,Cancelled
O000955,C00345,2025-05-18,Pending
O000956,C00436,2024-10-19,Pending
O000957,C00290,2026-03-13,Pending
O000958,C00285,2024-11-25,Completed
O000959,C00030,2025-08-18,Pending
O000960,C00270,2026-04-03,Cancelled
O000961,C00201,2025-06-19,Completed
O000962,C00426,2026-01-24,Completed
O000963,C00444,2025-10-22,Completed
O000964,C00217,2025-03-15,Completed
O000965,C00121,2026-06-17,Cancelled
O000966,C00007,2026-07-24,Pending
O000967,C00186,2025-02-20,Pending
O000968,C00016,2026-02-05,Cancelled
O000969,C00477,2025-01-26,Completed
O000970,C00206,2024-11-27,Cancelled
O000971,C00498,2025-05-09,Pending
O000972,C00002,2025-08-09,Pending
O000973,C00257,2024-08-21,Cancelled
O000974,C00044,2024-12-24,Pending
O000975,C00013,2025-02-28,Pending
O000976,C00357,2024-12-30,Pending
O000977,C00201,2025-11-22,Pending
O000978,C00255,2026-03-20,Cancelled
O000979,C00196,2026-05-01,Cancelled
O000980,C00040,2025-06-25,Completed
O000981,C00430,2025-04-09,Completed
O000982,C00225,2024-08-17,Pending
O000983,C00390,2025-09-22,Cancelled
O000984,C00046,2025-10-22,Completed
O000985,C00245,2026-05-09,Cancelled
O000986,C00090,2024-12-19,Cancelled
O000987,C00431,2024-12-19,Cancelled
O000988,C00470,2025-08-17,Completed
O000989,C00087,2025-12-27,Completed
O000990,C00095,2025-02-09,Pending
O000991,C00355,2024-08-29,Cancelled
O000992,C00381,2024-11-14,Completed
O000993,C00304,2025-01-31,Pending
O000994,C00488,2026-07-01,Completed
O000995,C00419,2026-07-27,Pending
O000996,C00055,2026-03-03,Cancelled
O000997,C00136,2025-03-30,Cancelled
O000998,C00420,2025-01-23,Pending
O000999,C00390,2025-11-25,Pending
O001000,C00303,2024-11-03,Completed
O001001,C00290,2024-11-15,Cancelled
O001002,C00399,2026-07-27,Cancelled
O001003,C00058,2025-09-11,Cancelled
O001004,C00415,2024-08-11,Cancelled
O001005,C00247,2026-05-24,Cancelled
O001006,C00213,2024-09-18,Completed
O001007,C00229,2024-08-15,Pending
O001008,C00130,2026-06-28,Completed
O001009,C00019,2024-11-16,Cancelled
O001010,C00468,2025-01-05,Pending
O001011,C00278,2025-07-23,Completed
O001012,C00479,2025-08-15,Pending
O001013,C00208,2024-09-15,Completed
O001014,C00237,2024-09-18,Completed
O001015,C00322,2024-10-20,Completed
O001016,C00201,2025-02-02,Cancelled
O001017,C00279,2025-01-02,Completed
O001018,C00050,2025-03-05,Completed
O001019,C00015,2025-04-15,Pending
O001020,C00272,2026-01-04,Pending
O001021,C00306,2025-05-21,Cancelled
O001022,C00336,2025-03-28,Pending
O001023,C00114,2025-06-17,Cancelled
O001024,C00405,2026-01-16,Completed
O001025,C00029,2025-08-01,Pending
O001026,C00319,2026-04-10,Cancelled
O001027,C00432,2025-03-21,Cancelled
O001028,C00145,2025-03-16,Cancelled
O001029,C00138,2026-05-15,Pending
O001030,C00198,2025-03-25,Cancelled
O001031,C00006,2026-01-21,Completed
O001032,C00032,2024-10-11,Completed
O001033,C00144,2025-01-19,Cancelled
O001034,C00202,2025-09-04,Cancelled
O001035,C00305,2026-03-02,Completed
O001036,C00497,2026-06-24,Pending
O001037,C00163,2025-05-06,Cancelled
O001038,C00222,2025-05-25,Cancelled
O001039,C00032,2026-01-31,Completed
O001040,C00329,2025-01-12,Cancelled
O001041,C00271,2026-04-26,Pending
O001042,C00404,2025-08-23,Pending
O001043,C00177,2025-03-25,Cancelled
O001044,C00277,2026-06-24,Pending
O001045,C00084,2026-05-29,Completed
O001046,C00034,2024-11-02,Cancelled
O001047,C00256,2024-09-24,Pending
O001048,C00348,2025-10-21,Cancelled
O001049,C00072,2024-09-30,Cancelled
O001050,C00404,2025-06-16,Cancelled
O001051,C00312,2026-04-09,Pending
O001052,C00080,2026-02-26,Cancelled
O001053,C00327,2025-10-21,Pending
O001054,C00082,2025-01-01,Completed
O001055,C00330,2025-08-25,Completed
O001056,C00468,2026-04-10,Pending
O001057,C00188,2024-09-10,Pending
O001058,C00418,2025-12-25,Completed
O001059,C00197,2025-05-07,Completed
O001060,C00346,2025-04-06,Pending
O001061,C00205,2025-07-02,Completed
O001062,C00093,2026-06-08,Completed
O001063,C00106,2025-09-04,Pending
O001064,C00390,2025-01-14,Completed
O001065,C00141,2025-07-04,Completed
O001066,C00356,2024-09-07,Completed
O001067,C00468,2026-03-10,Pending
O001068,C00427,2025-01-06,Completed
O001069,C00294,2024-11-17,Cancelled
O001070,C00223,2025-02-25,Cancelled
O001071,C00020,2026-07-26,Pending
O001072,C00156,2025-04-27,Pending
O001073,C00364,2025-07-18,Cancelled
O001074,C00060,2025-02-10,Cancelled
O001075,C00193,2026-03-25,Cancelled
O001076,C00468,2025-08-01,Pending
O001077,C00346,2024-08-03,Pending
O001078,C00027,2026-04-12,Pending
O001079,C00271,2026-01-11,Pending
O001080,C00086,2025-11-25,Pending
O001081,C00001,2024-12-29,Cancelled
O001082,C00132,2025-03-20,Pending
O001083,C00244,2025-07-29,Cancelled
O001084,C00395,2025-12-27,Cancelled
O001085,C00387,2025-02-24,Completed
O001086,C00132,2024-12-18,Completed
O001087,C00093,2025-02-20,Pending
O001088,C00252,2025-06-12,Cancelled
O001089,C00337,2026-05-12,Cancelled
O001090,C00269,2026-05-25,Completed
O001091,C00434,2024-10-18,Pending
O001092,C00119,2026-05-05,Completed
O001093,C00366,2025-05-07,Completed
O001094,C00274,2025-04-12,Pending
O001095,C00114,2025-09-05,Pending
O001096,C00212,2025-02-15,Pending
O001097,C00233,2025-07-19,Pending
O001098,C00217,2025-06-02,Cancelled
O001099,C00398,2025-01-07,Pending
O001100,C00313,2026-03-27,Pending
O001101,C00102,2024-12-11,Completed
O001102,C00180,2024-09-19,Pending
O001103,C00171,2026-02-18,Cancelled
O001104,C00448,2025-02-24,Pending
O001105,C00321,2025-07-07,Pending
O001106,C00264,2025-06-21,Cancelled
O001107,C00419,2026-02-26,Completed
O001108,C00162,2025-05-13,Cancelled
O001109,C00461,2025-05-16,Cancelled
O001110,C00279,2025-02-05,Completed
O001111,C00252,2024-09-08,Pending
O001112,C00355,2025-04-23,Pending
O001113,C00382,2026-01-15,Completed
O001114,C00089,2026-03-28,Cancelled
O001115,C00129,2025-12-21,Cancelled
O001116,C00199,2025-05-21,Pending
O001117,C00118,2025-11-01,Cancelled
O001118,C00020,2026-01-27,Completed
O001119,C00172,2024-12-31,Cancelled
O001120,C00143,2025-07-16,Cancelled
O001121,C00137,2026-07-09,Pending
O001122,C00463,2026-03-09,Cancelled
O001123,C00226,2025-04-25,Pending
O001124,C00441,2024-09-05,Cancelled
O001125,C00185,2026-07-24,Cancelled
O001126,C00073,2025-04-11,Completed
O001127,C00255,2025-10-28,Pending
O001128,C00435,2025-10-14,Cancelled
O001129,C00445,2024-08-10,Completed
O001130,C00110,2025-08-16,Pending
O001131,C00017,2024-12-17,Completed
O001132,C00284,2025-02-20,Cancelled
O001133,C00415,2026-04-06,Pending
O001134,C00474,2025-08-24,Cancelled
O001135,C00496,2025-04-02,Completed
O001136,C00125,2024-08-20,Cancelled
O001137,C00412,2025-06-30,Completed
O001138,C00017,2024-11-19,Completed
O001139,C00441,2025-02-11,Completed
O001140,C00367,2026-06-08,Completed
O001141,C00355,2025-05-11,Cancelled
O001142,C00028,2026-01-06,Cancelled
O001143,C00023,2026-02-06,Pending
O001144,C00246,2025-03-28,Completed
O001145,C00289,2025-04-10,Pending
O001146,C00096,2026-01-20,Completed
O001147,C00194,2026-03-29,Completed
O001148,C00388,2025-06-22,Cancelled
O001149,C00421,2026-05-13,Pending
O001150,C00391,2026-05-05,Completed
O001151,C00113,2025-07-30,Pending
O001152,C00134,2025-11-02,Completed
O001153,C00209,2026-07-24,Completed
O001154,C00483,2025-06-02,Cancelled
O001155,C00226,2025-07-04,Cancelled
O001156,C00306,2026-05-04,Cancelled
O001157,C00463,2025-05-13,Cancelled
O001158,C00146,2025-03-10,Cancelled
O001159,C00227,2025-05-12,Completed
O001160,C00113,2025-02-07,Completed
O001161,C00125,2025-03-06,Completed
O001162,C00287,2024-10-02,Completed
O001163,C00275,2025-10-11,Pending
O001164,C00487,2025-01-19,Pending
O001165,C00021,2025-01-22,Cancelled
O001166,C00167,2025-10-02,Pending
O001167,C00004,2026-03-18,Cancelled
O001168,C00093,2026-04-11,Completed
O001169,C00385,2025-01-30,Pending
O001170,C00483,2025-08-03,Pending
O001171,C00277,2026-06-02,Pending
O001172,C00208,2025-04-05,Cancelled
O001173,C00076,2026-04-24,Cancelled
O001174,C00186,2025-04-10,Cancelled
O001175,C00122,2026-06-09,Pending
O001176,C00437,2024-11-12,Cancelled
O001177,C00458,2026-07-18,Pending
O001178,C00335,2026-01-23,Pending
O001179,C00374,2025-03-29,Pending
O001180,C00406,2025-08-05,Completed
O001181,C00236,2026-06-06,Pending
O001182,C00352,2025-05-09,Completed
O001183,C00034,2024-11-30,Completed
O001184,C00087,2024-09-04,Cancelled
O001185,C00477,2025-08-28,Completed
O001186,C00209,2026-04-07,Pending
O001187,C00299,2026-01-01,Completed
O001188,C00302,2025-02-11,Completed
O001189,C00426,2025-05-21,Cancelled
O001190,C00264,2025-09-11,Completed
O001191,C00441,2025-01-03,Pending
O001192,C00448,2025-10-13,Cancelled
O001193,C00490,2026-06-03,Cancelled
O001194,C00402,2025-11-02,Completed
O001195,C00476,2025-08-19,Pending
O001196,C00372,2024-11-03,Completed
O001197,C00086,2024-09-01,Completed
O001198,C00407,2025-11-26,Completed
O001199,C00274,2025-05-17,Cancelled
O001200,C00470,2026-02-11,Pending
O001201,C00182,2025-01-18,Cancelled
O001202,C00141,2024-11-05,Pending
O001203,C00168,2024-10-18,Completed
O001204,C00414,2025-12-30,Pending
O001205,C00027,2024-10-08,Completed
O001206,C00285,2025-06-01,Cancelled
O001207,C00069,2025-09-04,Pending
O001208,C00133,2025-05-17,Pending
O001209,C00135,2024-12-17,Cancelled
O001210,C00169,2026-02-15,Completed
O001211,C00404,2026-03-30,Pending
O001212,C00487,2025-11-25,Completed
O001213,C00221,2026-03-16,Completed
O001214,C00475,2025-04-21,Cancelled
O001215,C00407,2024-08-22,Pending
O001216,C00442,2025-05-16,Pending
O001217,C00214,2025-10-29,Pending
O001218,C00108,2024-10-13,Completed
O001219,C00419,2026-06-05,Completed
O001220,C00392,2026-08-01,Cancelled
O001221,C00494,2025-07-24,Completed
O001222,C00064,2026-04-17,Cancelled
O001223,C00195,2025-07-04,Cancelled
O001224,C00135,2026-04-29,Cancelled
O001225,C00458,2025-05-25,Pending
O001226,C00265,2025-09-24,Completed
O001227,C00434,2024-08-14,Completed
O001228,C00108,2026-07-05,Completed
O001229,C00390,2026-04-06,Pending
O001230,C00491,2024-10-27,Completed
O001231,C00409,2026-01-31,Cancelled
O001232,C00146,2026-03-28,Completed
O001233,C00182,2025-07-18,Completed
O001234,C00395,2024-10-14,Completed
O001235,C00497,2024-09-16,Pending
O001236,C00070,2025-10-13,Cancelled
O001237,C00499,2025-05-03,Cancelled
O001238,C00188,2026-04-05,Cancelled
O001239,C00276,2025-04-14,Pending
O001240,C00351,2025-03-15,Cancelled
O001241,C00433,2025-06-02,Cancelled
O001242,C00266,2026-07-04,Completed
O001243,C00004,2025-12-08,Cancelled
O001244,C00033,2025-09-07,Cancelled
O001245,C00107,2025-01-25,Cancelled
O001246,C00014,2025-07-05,Pending
O001247,C00311,2026-01-30,Completed
O001248,C00101,2025-10-01,Cancelled
O001249,C00370,2024-09-12,Cancelled
O001250,C00043,2025-10-12,Completed
O001251,C00381,2025-01-15,Completed
O001252,C00012,2025-05-16,Cancelled
O001253,C00315,2025-09-24,Cancelled
O001254,C00106,2025-12-28,Pending
O001255,C00313,2024-08-05,Pending
O001256,C00297,2024-09-03,Cancelled
O001257,C00077,2024-11-03,Completed
O001258,C00365,2025-05-29,Pending
O001259,C00110,2025-01-28,Cancelled
O001260,C00206,2024-12-11,Completed
O001261,C00233,2025-02-23,Completed
O001262,C00280,2025-12-07,Completed
O001263,C00202,2024-09-17,Cancelled
O001264,C00266,2026-06-28,Pending
O001265,C00250,2026-05-15,Pending
O001266,C00379,2026-07-28,Pending
O001267,C00024,2024-12-01,Pending
O001268,C00399,2026-02-12,Cancelled
O001269,C00207,2025-07-12,Completed
O001270,C00470,2026-06-13,Completed
O001271,C00016,2024-10-26,Pending
O001272,C00250,2026-03-20,Cancelled
O001273,C00223,2024-08-13,Pending
O001274,C00304,2024-12-03,Cancelled
O001275,C00017,2026-04-24,Pending
O001276,C00381,2026-04-30,Pending
O001277,C00186,2025-12-06,Pending
O001278,C00412,2025-02-01,Cancelled
O001279,C00045,2026-04-21,Pending
O001280,C00198,2025-01-22,Completed
O001281,C00167,2026-03-24,Completed
O001282,C00088,2025-01-14,Cancelled
O001283,C00140,2025-12-23,Completed
O001284,C00127,2025-10-07,Pending
O001285,C00464,2026-05-21,Cancelled
O001286,C00310,2026-03-15,Cancelled
O001287,C00444,2024-10-15,Pending
O001288,C00174,2024-10-03,Completed
O001289,C00036,2025-06-12,Completed
O001290,C00397,2026-02-27,Completed
O001291,C00232,2024-09-05,Cancelled
O001292,C00163,2025-05-09,Completed
O001293,C00032,2024-12-13,Cancelled
O001294,C00190,2025-05-18,Completed
O001295,C00225,2025-04-10,Completed
O001296,C00300,2025-05-03,Pending
O001297,C00386,2026-05-26,Cancelled
O001298,C00325,2024-08-06,Completed
O001299,C00430,2024-12-02,Pending
O001300,C00249,2025-10-06,Cancelled
O001301,C00016,2025-10-22,Cancelled
O001302,C00156,2024-12-19,Cancelled
O001303,C00219,2025-01-24,Pending
O001304,C00118,2024-10-02,Pending
O001305,C00368,2026-06-26,Completed
O001306,C00178,2026-03-01,Pending
O001307,C00443,2025-08-07,Completed
O001308,C00085,2026-05-05,Pending
O001309,C00288,2024-10-20,Cancelled
O001310,C00366,2024-10-15,Completed
O001311,C00185,2026-04-09,Cancelled
O001312,C00190,2026-01-28,Completed
O001313,C00438,2024-10-03,Completed
O001314,C00120,2025-07-14,Cancelled
O001315,C00041,2025-07-01,Completed
O001316,C00135,2025-02-08,Completed
O001317,C00354,2025-02-01,Completed
O001318,C00201,2025-03-16,Cancelled
O001319,C00267,2025-07-09,Completed
O001320,C00021,2026-04-18,Completed
O001321,C00136,2025-03-07,Pending
O001322,C00226,2025-04-20,Cancelled
O001323,C00199,2025-10-22,Completed
O001324,C00087,2025-03-05,Cancelled
O001325,C00443,2024-11-12,Pending
O001326,C00225,2025-01-08,Cancelled
O001327,C00004,2025-07-27,Pending
O001328,C00234,2024-11-27,Completed
O001329,C00486,2024-09-20,Pending
O001330,C00078,2024-08-25,Completed
O001331,C00344,2025-01-02,Completed
O001332,C00374,2024-12-03,Pending
O001333,C00385,2025-09-13,Completed
O001334,C00376,2026-01-28,Pending
O001335,C00263,2026-07-19,Completed
O001336,C00429,2025-01-31,Cancelled
O001337,C00266,2025-05-21,Pending
O001338,C00426,2024-10-17,Pending
O001339,C00123,2025-02-05,Pending
O001340,C00029,2025-06-25,Completed
O001341,C00345,2026-05-23,Cancelled
O001342,C00393,2024-08-17,Completed
O001343,C00046,2026-06-11,Completed
O001344,C00348,2024-12-22,Completed
O001345,C00017,2025-11-30,Pending
O001346,C00191,2025-08-17,Pending
O001347,C00269,2025-08-02,Completed
O001348,C00451,2026-06-10,Cancelled
O001349,C00019,2025-10-01,Completed
O001350,C00188,2025-05-08,Completed
O001351,C00268,2025-08-16,Cancelled
O001352,C00194,2025-03-30,Completed
O001353,C00461,2025-11-18,Cancelled
O001354,C00135,2025-11-08,Pending
O001355,C00181,2025-04-04,Completed
O001356,C00040,2026-07-16,Completed
O001357,C00029,2025-05-03,Pending
O001358,C00340,2024-11-17,Cancelled
O001359,C00342,2026-01-07,Pending
O001360,C00394,2025-12-07,Pending
O001361,C00030,2025-05-26,Pending
O001362,C00166,2025-08-08,Pending
O001363,C00149,2025-12-08,Pending
O001364,C00088,2025-03-05,Cancelled
O001365,C00034,2026-05-09,Cancelled
O001366,C00273,2026-04-12,Completed
O001367,C00052,2025-09-09,Completed
O001368,C00089,2026-05-15,Cancelled
O001369,C00404,2025-04-19,Cancelled
O001370,C00476,2026-07-01,Pending
O001371,C00170,2025-10-02,Cancelled
O001372,C00034,2024-11-15,Pending
O001373,C00181,2024-10-24,Completed
O001374,C00415,2025-12-22,Cancelled
O001375,C00006,2026-05-15,Cancelled
O001376,C00275,2025-07-21,Cancelled
O001377,C00437,2025-10-25,Pending
O001378,C00308,2025-10-31,Completed
O001379,C00046,2024-12-20,Cancelled
O001380,C00310,2025-02-06,Cancelled
O001381,C00498,2024-10-16,Pending
O001382,C00270,2025-12-16,Completed
O001383,C00204,2024-10-02,Pending
O001384,C00151,2024-11-10,Cancelled
O001385,C00304,2026-03-19,Pending
O001386,C00266,2026-02-01,Completed
O001387,C00123,2025-11-28,Pending
O001388,C00208,2026-06-26,Cancelled
O001389,C00100,2025-02-27,Pending
O001390,C00058,2025-06-10,Completed
O001391,C00497,2025-07-19,Pending
O001392,C00116,2025-09-21,Completed
O001393,C00410,2025-01-23,Pending
O001394,C00008,2025-09-14,Cancelled
O001395,C00080,2025-02-13,Pending
O001396,C00103,2025-02-21,Completed
O001397,C00388,2025-12-21,Pending
O001398,C00299,2024-08-10,Cancelled
O001399,C00497,2025-08-17,Cancelled
O001400,C00108,2025-10-18,Completed
O001401,C00042,2025-07-11,Cancelled
O001402,C00165,2026-06-06,Cancelled
O001403,C00298,2026-05-30,Completed
O001404,C00076,2025-11-03,Completed
O001405,C00129,2026-02-08,Completed
O001406,C00043,2026-06-26,Completed
O001407,C00002,2025-09-05,Pending
O001408,C00067,2026-08-01,Completed
O001409,C00255,2025-07-20,Cancelled
O001410,C00007,2025-06-02,Completed
O001411,C00087,2024-11-14,Cancelled
O001412,C00389,2025-09-16,Pending
O001413,C00455,2024-08-05,Cancelled
O001414,C00431,2025-06-24,Completed
O001415,C00434,2026-05-13,Cancelled
O001416,C00343,2025-12-31,Pending
O001417,C00034,2025-10-12,Pending
O001418,C00004,2026-07-13,Pending
O001419,C00485,2025-05-10,Pending
O001420,C00192,2024-11-16,Completed
O001421,C00141,2025-02-26,Pending
O001422,C00142,2024-09-07,Cancelled
O001423,C00392,2024-10-28,Cancelled
O001424,C00079,2025-05-07,Completed
O001425,C00215,2024-09-21,Completed
O001426,C00046,2025-11-03,Pending
O001427,C00094,2024-10-04,Cancelled
O001428,C00064,2026-07-03,Cancelled
O001429,C00242,2025-03-05,Completed
O001430,C00474,2025-01-06,Pending
O001431,C00451,2024-11-04,Pending
O001432,C00431,2025-09-16,Completed
O001433,C00295,2025-01-16,Pending
O001434,C00102,2024-11-03,Completed
O001435,C00024,2024-12-29,Cancelled
O001436,C00485,2024-09-17,Pending
O001437,C00088,2026-04-01,Cancelled
O001438,C00290,2026-04-27,Pending
O001439,C00323,2026-07-24,Pending
O001440,C00200,2026-03-31,Cancelled
O001441,C00214,2026-06-18,Pending
O001442,C00010,2024-12-05,Completed
O001443,C00271,2026-02-01,Cancelled
O001444,C00167,2025-01-08,Pending
O001445,C00108,2026-03-29,Pending
O001446,C00278,2025-08-25,Completed
O001447,C00078,2025-08-04,Pending
O001448,C00486,2025-08-20,Completed
O001449,C00069,2025-07-04,Completed
O001450,C00117,2025-11-15,Pending
O001451,C00242,2024-09-07,Pending
O001452,C00182,2026-03-04,Pending
O001453,C00316,2025-12-21,Completed
O001454,C00181,2025-11-10,Pending
O001455,C00131,2024-12-09,Completed
O001456,C00148,2024-09-01,Completed
O001457,C00154,2026-06-19,Completed
O001458,C00081,2026-04-08,Pending
O001459,C00290,2026-05-19,Completed
O001460,C00051,2026-05-15,Cancelled
O001461,C00013,2025-01-05,Completed
O001462,C00022,2026-03-30,Pending
O001463,C00066,2024-10-10,Completed
O001464,C00439,2024-12-11,Completed
O001465,C00215,2025-02-08,Completed
O001466,C00115,2025-10-21,Completed
O001467,C00223,2024-08-03,Cancelled
O001468,C00327,2026-04-02,Completed
O001469,C00040,2025-04-17,Cancelled
O001470,C00113,2024-09-26,Cancelled
O001471,C00018,2026-01-08,Cancelled
O001472,C00039,2025-08-28,Pending
O001473,C00427,2025-05-29,Pending
O001474,C00146,2024-12-09,Pending
O001475,C00130,2025-02-24,Completed
O001476,C00133,2025-01-27,Cancelled
O001477,C00129,2025-01-27,Cancelled
O001478,C00293,2024-11-04,Cancelled
O001479,C00422,2025-07-22,Completed
O001480,C00339,2026-01-01,Completed
O001481,C00434,2026-07-28,Completed
O001482,C00414,2025-01-29,Pending
O001483,C00257,2024-09-01,Completed
O001484,C00435,2025-06-05,Pending
O001485,C00413,2026-06-24,Cancelled
O001486,C00250,2026-01-23,Cancelled
O001487,C00397,2026-07-22,Completed
O001488,C00420,2026-05-24,Completed
O001489,C00096,2024-12-26,Pending
O001490,C00454,2025-07-04,Pending
O001491,C00121,2025-03-08,Completed
O001492,C00431,2025-04-26,Completed
O001493,C00352,2026-04-22,Completed
O001494,C00193,2026-03-27,Cancelled
O001495,C00165,2025-10-21,Completed
O001496,C00141,2025-12-18,Pending
O001497,C00288,2024-10-10,Pending
O001498,C00080,2025-04-02,Pending
O001499,C00333,2025-04-17,Pending
O001500,C00043,2024-10-16,Cancelled
O001501,C00036,2026-07-04,Completed
O001502,C00167,2026-04-07,Cancelled
O001503,C00146,2026-04-12,Cancelled
O001504,C00421,2026-05-10,Cancelled
O001505,C00402,2026-06-14,Completed
O001506,C00413,2024-12-03,Cancelled
O001507,C00055,2025-03-19,Completed
O001508,C00382,2026-02-14,Cancelled
O001509,C00150,2025-03-06,Completed
O001510,C00443,2026-02-15,Completed
O001511,C00432,2025-10-12,Pending
O001512,C00443,2024-11-02,Pending
O001513,C00064,2025-04-02,Cancelled
O001514,C00021,2024-11-09,Pending
O001515,C00487,2026-04-03,Cancelled
O001516,C00188,2024-11-25,Pending
O001517,C00438,2026-03-04,Pending
O001518,C00324,2025-01-14,Cancelled
O001519,C00218,2025-04-13,Pending
O001520,C00324,2026-04-13,Cancelled
O001521,C00131,2025-09-30,Pending
O001522,C00476,2026-06-18,Pending
O001523,C00188,2024-12-10,Completed
O001524,C00177,2026-04-02,Completed
O001525,C00448,2025-02-07,Completed
O001526,C00154,2025-08-29,Cancelled
O001527,C00291,2025-01-12,Cancelled
O001528,C00456,2025-07-18,Completed
O001529,C00092,2024-11-12,Pending
O001530,C00044,2026-03-07,Cancelled
O001531,C00099,2025-11-24,Completed
O001532,C00131,2026-03-25,Pending
O001533,C00309,2025-12-11,Pending
O001534,C00490,2025-02-24,Pending
O001535,C00209,2026-04-19,Pending
O001536,C00333,2024-11-07,Cancelled
O001537,C00378,2024-12-31,Completed
O001538,C00206,2026-07-31,Cancelled
O001539,C00188,2026-01-08,Pending
O001540,C00356,2025-08-15,Cancelled
O001541,C00371,2026-01-24,Completed
O001542,C00103,2025-08-27,Cancelled
O001543,C00369,2025-10-17,Completed
O001544,C00217,2025-10-10,Cancelled
O001545,C00414,2024-09-14,Completed
O001546,C00055,2026-06-30,Completed
O001547,C00324,2025-06-03,Completed
O001548,C00266,2025-07-15,Completed
O001549,C00203,2025-06-05,Completed
O001550,C00465,2025-06-02,Pending
O001551,C00056,2024-12-06,Pending
O001552,C00413,2025-07-28,Cancelled
O001553,C00055,2026-01-21,Pending
O001554,C00314,2025-03-20,Completed
O001555,C00006,2026-06-29,Cancelled
O001556,C00069,2024-09-09,Pending
O001557,C00278,2026-06-18,Completed
O001558,C00444,2024-12-18,Completed
O001559,C00210,2026-01-12,Completed
O001560,C00213,2025-02-15,Cancelled
O001561,C00021,2026-04-28,Completed
O001562,C00352,2024-12-01,Cancelled
O001563,C00359,2025-12-24,Completed
O001564,C00443,2025-08-29,Cancelled
O001565,C00225,2026-03-24,Cancelled
O001566,C00373,2026-02-19,Completed
O001567,C00250,2025-09-16,Cancelled
O001568,C00101,2024-09-03,Completed
O001569,C00452,2024-11-02,Cancelled
O001570,C00413,2024-08-05,Cancelled
O001571,C00276,2026-06-22,Cancelled
O001572,C00227,2025-12-29,Pending
O001573,C00333,2024-08-28,Completed
O001574,C00351,2024-09-05,Completed
O001575,C00402,2026-04-11,Pending
O001576,C00322,2024-11-07,Cancelled
O001577,C00188,2025-06-15,Completed
O001578,C00439,2025-10-22,Completed
O001579,C00495,2025-01-15,Cancelled
O001580,C00162,2026-04-01,Cancelled
O001581,C00100,2025-04-27,Cancelled
O001582,C00350,2025-10-11,Completed
O001583,C00492,2025-10-01,Cancelled
O001584,C00294,2025-01-23,Completed
O001585,C00028,2026-04-24,Completed
O001586,C00430,2025-08-06,Cancelled
O001587,C00187,2026-05-26,Cancelled
O001588,C00453,2025-12-28,Cancelled
O001589,C00271,2025-03-14,Cancelled
O001590,C00410,2026-03-27,Pending
O001591,C00426,2025-06-14,Pending
O001592,C00473,2025-09-20,Completed
O001593,C00042,2025-06-10,Completed
O001594,C00163,2025-04-23,Completed
O001595,C00324,2025-05-15,Completed
O001596,C00232,2024-09-07,Completed
O001597,C00452,2024-08-17,Completed
O001598,C00230,2026-05-25,Cancelled
O001599,C00268,2024-10-09,Pending
O001600,C00280,2024-12-01,Pending
O001601,C00480,2026-04-19,Pending
O001602,C00201,2026-02-13,Completed
O001603,C00216,2025-03-22,Completed
O001604,C00241,2025-03-04,Completed
O001605,C00279,2026-02-12,Completed
O001606,C00260,2025-07-27,Cancelled
O001607,C00283,2025-12-28,Pending
O001608,C00304,2025-03-24,Cancelled
O001609,C00249,2025-12-19,Completed
O001610,C00475,2025-08-19,Completed
O001611,C00475,2026-05-30,Pending
O001612,C00072,2025-06-13,Pending
O001613,C00223,2026-06-15,Completed
O001614,C00346,2025-03-18,Pending
O001615,C00158,2026-04-02,Pending
O001616,C00173,2025-03-30,Cancelled
O001617,C00468,2026-02-07,Completed
O001618,C00064,2026-06-28,Completed
O001619,C00193,2026-07-17,Completed
O001620,C00262,2026-02-08,Cancelled
O001621,C00224,2024-10-23,Cancelled
O001622,C00056,2025-01-14,Cancelled
O001623,C00325,2025-04-03,Completed
O001624,C00486,2024-11-01,Cancelled
O001625,C00400,2024-10-06,Completed
O001626,C00256,2025-06-27,Completed
O001627,C00327,2024-11-08,Pending
O001628,C00411,2025-02-08,Cancelled
O001629,C00269,2026-06-17,Pending
O001630,C00163,2024-10-05,Completed
O001631,C00444,2026-03-12,Pending
O001632,C00485,2026-06-12,Pending
O001633,C00060,2024-10-22,Completed
O001634,C00201,2024-12-22,Cancelled
O001635,C00419,2025-07-19,Cancelled
O001636,C00244,2025-05-07,Completed
O001637,C00108,2025-11-08,Pending
O001638,C00177,2025-07-19,Pending
O001639,C00065,2026-05-10,Pending
O001640,C00323,2024-09-18,Cancelled
O001641,C00185,2025-08-27,Completed
O001642,C00221,2026-07-12,Completed
O001643,C00409,2026-02-26,Completed
O001644,C00287,2025-06-20,Cancelled
O001645,C00230,2025-08-05,Cancelled
O001646,C00317,2024-12-25,Cancelled
O001647,C00061,2024-08-16,Cancelled
O001648,C00277,2025-12-27,Completed
O001649,C00422,2026-01-04,Completed
O001650,C00137,2025-05-12,Pending
O001651,C00349,2025-07-29,Completed
O001652,C00083,2025-02-10,Completed
O001653,C00201,2026-06-02,Cancelled
O001654,C00072,2026-02-27,Pending
O001655,C00039,2024-12-04,Cancelled
O001656,C00024,2025-08-01,Pending
O001657,C00448,2024-10-16,Cancelled
O001658,C00310,2025-11-02,Cancelled
O001659,C00239,2026-04-30,Completed
O001660,C00246,2024-08-08,Pending
O001661,C00099,2025-04-29,Pending
O001662,C00296,2025-12-06,Cancelled
O001663,C00191,2025-09-30,Cancelled
O001664,C00404,2025-01-14,Completed
O001665,C00013,2025-06-29,Pending
O001666,C00259,2024-12-18,Completed
O001667,C00035,2026-01-09,Completed
O001668,C00191,2025-10-28,Cancelled
O001669,C00411,2025-10-12,Cancelled
O001670,C00166,2026-06-11,Cancelled
O001671,C00318,2025-07-26,Pending
O001672,C00226,2026-03-08,Completed
O001673,C00237,2024-11-02,Completed
O001674,C00162,2025-09-10,Cancelled
O001675,C00232,2025-12-06,Completed
O001676,C00041,2025-08-13,Completed
O001677,C00280,2025-12-04,Cancelled
O001678,C00050,2025-11-30,Pending
O001679,C00103,2026-07-14,Pending
O001680,C00186,2025-10-15,Completed
O001681,C00194,2025-10-26,Cancelled
O001682,C00444,2026-06-18,Pending
O001683,C00093,2026-01-21,Pending
O001684,C00005,2026-06-28,Cancelled
O001685,C00389,2024-12-18,Pending
O001686,C00362,2025-04-25,Completed
O001687,C00233,2025-04-16,Cancelled
O001688,C00203,2025-11-11,Pending
O001689,C00096,2024-12-09,Pending
O001690,C00138,2024-10-23,Cancelled
O001691,C00243,2024-11-02,Pending
O001692,C00479,2025-05-06,Completed
O001693,C00200,2024-10-24,Pending
O001694,C00306,2026-05-06,Pending
O001695,C00250,2025-06-22,Cancelled
O001696,C00004,2026-06-13,Cancelled
O001697,C00214,2025-12-04,Cancelled
O001698,C00158,2026-01-01,Completed
O001699,C00499,2026-01-20,Completed
O001700,C00108,2025-01-22,Pending
O001701,C00103,2026-02-09,Pending
O001702,C00399,2025-11-22,Completed
O001703,C00109,2025-09-22,Pending
O001704,C00163,2026-01-26,Pending
O001705,C00448,2025-05-19,Completed
O001706,C00197,2025-09-15,Cancelled
O001707,C00106,2026-06-26,Cancelled
O001708,C00282,2024-11-14,Pending
O001709,C00443,2025-05-12,Completed
O001710,C00394,2025-03-19,Pending
O001711,C00115,2026-02-27,Completed
O001712,C00037,2026-05-03,Cancelled
O001713,C00247,2025-12-17,Pending
O001714,C00237,2026-03-24,Completed
O001715,C00261,2025-08-07,Completed
O001716,C00077,2026-07-08,Pending
O001717,C00146,2026-06-21,Cancelled
O001718,C00270,2026-04-10,Cancelled
O001719,C00108,2025-05-28,Pending
O001720,C00263,2024-11-14,Pending
O001721,C00091,2026-05-19,Pending
O001722,C00287,2024-12-04,Completed
O001723,C00094,2025-04-05,Cancelled
O001724,C00285,2024-12-10,Pending
O001725,C00087,2025-08-28,Pending
O001726,C00379,2025-07-26,Completed
O001727,C00221,2026-07-16,Completed
O001728,C00265,2024-09-28,Cancelled
O001729,C00491,2025-05-31,Completed
O001730,C00141,2026-03-18,Pending
O001731,C00209,2025-12-22,Cancelled
O001732,C00175,2025-12-15,Completed
O001733,C00456,2025-05-17,Cancelled
O001734,C00171,2025-05-31,Cancelled
O001735,C00139,2026-02-21,Completed
O001736,C00213,2024-10-07,Cancelled
O001737,C00398,2025-03-25,Completed
O001738,C00021,2025-06-26,Pending
O001739,C00251,2025-12-21,Completed
O001740,C00093,2025-08-07,Completed
O001741,C00109,2024-11-07,Cancelled
O001742,C00309,2025-03-17,Pending
O001743,C00126,2024-09-06,Pending
O001744,C00286,2025-09-29,Cancelled
O001745,C00248,2026-07-22,Pending
O001746,C00440,2025-02-14,Pending
O001747,C00278,2024-09-30,Completed
O001748,C00385,2025-10-21,Completed
O001749,C00201,2024-10-01,Completed
O001750,C00465,2026-02-06,Pending
O001751,C00254,2024-12-11,Cancelled
O001752,C00134,2026-02-08,Cancelled
O001753,C00234,2025-11-05,Completed
O001754,C00308,2024-09-16,Cancelled
O001755,C00359,2025-03-31,Completed
O001756,C00197,2025-09-22,Pending
O001757,C00394,2025-06-05,Completed
O001758,C00399,2026-06-11,Completed
O001759,C00149,2026-07-07,Completed
O001760,C00374,2026-01-28,Cancelled
O001761,C00059,2025-01-15,Cancelled
O001762,C00437,2025-02-22,Cancelled
O001763,C00167,2026-01-12,Completed
O001764,C00128,2024-09-28,Pending
O001765,C00312,2024-10-13,Cancelled
O001766,C00396,2025-11-27,Completed
O001767,C00333,2024-10-24,Cancelled
O001768,C00225,2024-10-08,Cancelled
O001769,C00354,2026-05-14,Cancelled
O001770,C00394,2026-03-11,Completed
O001771,C00144,2026-05-26,Cancelled
O001772,C00446,2024-12-04,Completed
O001773,C00100,2026-07-06,Completed
O001774,C00413,2025-10-11,Cancelled
O001775,C00001,2025-04-22,Completed
O001776,C00170,2026-01-01,Cancelled
O001777,C00377,2025-10-10,Pending
O001778,C00049,2025-02-19,Pending
O001779,C00478,2025-12-20,Completed
O001780,C00308,2024-10-12,Completed
O001781,C00373,2026-05-24,Cancelled
O001782,C00287,2024-11-16,Cancelled
O001783,C00021,2026-03-05,Cancelled
O001784,C00268,2024-10-05,Completed
O001785,C00194,2025-09-19,Cancelled
O001786,C00036,2025-10-24,Cancelled
O001787,C00167,2024-11-15,Pending
O001788,C00080,2026-02-27,Completed
O001789,C00347,2026-04-13,Cancelled
O001790,C00141,2025-06-14,Cancelled
O001791,C00194,2026-02-21,Completed
O001792,C00421,2025-07-09,Pending
O001793,C00385,2026-02-09,Completed
O001794,C00316,2025-12-31,Cancelled
O001795,C00419,2024-12-02,Completed
O001796,C00066,2026-05-11,Cancelled
O001797,C00242,2026-07-28,Completed
O001798,C00168,2025-05-26,Pending
O001799,C00400,2026-07-18,Cancelled
O001800,C00190,2024-09-05,Completed
O001801,C00372,2025-03-02,Cancelled
O001802,C00324,2026-07-13,Completed
O001803,C00202,2025-04-28,Cancelled
O001804,C00095,2025-12-19,Pending
O001805,C00077,2026-06-10,Pending
O001806,C00389,2025-03-03,Pending
O001807,C00012,2026-07-22,Cancelled
O001808,C00314,2025-08-11,Cancelled
O001809,C00488,2024-10-05,Completed
O001810,C00081,2025-10-22,Cancelled
O001811,C00357,2025-06-13,Completed
O001812,C00004,2024-08-28,Pending
O001813,C00130,2025-03-27,Cancelled
O001814,C00138,2025-04-02,Completed
O001815,C00217,2025-10-14,Pending
O001816,C00114,2025-10-28,Pending
O001817,C00199,2025-12-17,Pending
O001818,C00295,2026-04-01,Pending
O001819,C00485,2024-12-06,Pending
O001820,C00312,2024-12-27,Cancelled
O001821,C00406,2024-09-02,Completed
O001822,C00270,2026-07-08,Cancelled
O001823,C00298,2025-06-15,Cancelled
O001824,C00452,2024-12-08,Cancelled
O001825,C00213,2025-11-12,Completed
O001826,C00155,2025-06-11,Pending
O001827,C00120,2026-07-12,Cancelled
O001828,C00119,2024-10-26,Cancelled
O001829,C00006,2025-03-20,Cancelled
O001830,C00037,2024-12-15,Cancelled
O001831,C00019,2026-05-21,Completed
O001832,C00019,2025-06-30,Cancelled
O001833,C00456,2025-01-26,Cancelled
O001834,C00217,2024-11-27,Pending
O001835,C00270,2025-05-05,Pending
O001836,C00346,2026-01-27,Pending
O001837,C00083,2026-02-10,Pending
O001838,C00310,2024-12-12,Cancelled
O001839,C00391,2024-10-26,Completed
O001840,C00217,2026-05-12,Cancelled
O001841,C00002,2026-07-09,Completed
O001842,C00105,2025-05-06,Completed
O001843,C00256,2024-10-15,Pending
O001844,C00240,2024-09-28,Cancelled
O001845,C00275,2025-12-09,Pending
O001846,C00427,2026-04-13,Completed
O001847,C00407,2026-05-21,Pending
O001848,C00203,2024-10-06,Cancelled
O001849,C00306,2025-02-14,Completed
O001850,C00188,2024-11-27,Pending
O001851,C00001,2024-08-18,Pending
O001852,C00138,2025-11-11,Pending
O001853,C00222,2026-06-26,Pending
O001854,C00246,2026-01-25,Cancelled
O001855,C00363,2024-09-11,Completed
O001856,C00412,2025-11-13,Cancelled
O001857,C00466,2025-02-17,Completed
O001858,C00020,2024-11-16,Cancelled
O001859,C00450,2025-03-04,Cancelled
O001860,C00493,2026-06-15,Completed
O001861,C00099,2026-07-30,Pending
O001862,C00140,2025-06-21,Pending
O001863,C00203,2025-09-01,Cancelled
O001864,C00241,2024-11-04,Cancelled
O001865,C00487,2025-05-05,Completed
O001866,C00235,2025-12-19,Completed
O001867,C00371,2025-06-01,Completed
O001868,C00499,2025-02-20,Completed
O001869,C00230,2025-10-28,Cancelled
O001870,C00446,2026-03-15,Cancelled
O001871,C00226,2026-05-02,Pending
O001872,C00235,2024-09-29,Pending
O001873,C00422,2025-10-03,Completed
O001874,C00284,2025-06-22,Cancelled
O001875,C00085,2024-08-31,Completed
O001876,C00324,2026-02-18,Pending
O001877,C00167,2025-12-03,Pending
O001878,C00248,2025-08-09,Completed
O001879,C00213,2026-01-06,Completed
O001880,C00411,2025-12-19,Cancelled
O001881,C00077,2025-01-03,Cancelled
O001882,C00001,2025-08-07,Pending
O001883,C00259,2024-09-05,Cancelled
O001884,C00315,2025-12-25,Pending
O001885,C00335,2025-01-25,Pending
O001886,C00179,2024-08-11,Completed
O001887,C00438,2026-01-10,Completed
O001888,C00247,2024-10-08,Cancelled
O001889,C00442,2024-10-27,Completed
O001890,C00491,2024-10-16,Completed
O001891,C00148,2024-11-09,Pending
O001892,C00265,2026-07-21,Cancelled
O001893,C00085,2026-05-28,Pending
O001894,C00283,2026-06-18,Pending
O001895,C00019,2025-05-05,Cancelled
O001896,C00056,2024-08-12,Completed
O001897,C00349,2024-10-09,Pending
O001898,C00295,2024-08-26,Pending
O001899,C00157,2026-02-22,Cancelled
O001900,C00281,2026-01-26,Cancelled
O001901,C00482,2025-09-11,Pending
O001902,C00291,2024-09-13,Completed
O001903,C00418,2026-05-24,Cancelled
O001904,C00201,2025-11-01,Cancelled
O001905,C00025,2026-05-05,Cancelled
O001906,C00406,2024-12-15,Pending
O001907,C00015,2026-06-08,Cancelled
O001908,C00141,2026-01-20,Pending
O001909,C00006,2025-04-25,Cancelled
O001910,C00493,2025-04-01,Cancelled
O001911,C00197,2026-02-19,Cancelled
O001912,C00323,2026-03-25,Completed
O001913,C00478,2025-12-02,Pending
O001914,C00392,2025-01-19,Completed
O001915,C00047,2026-01-24,Pending
O001916,C00081,2025-04-14,Completed
O001917,C00348,2024-11-03,Pending
O001918,C00482,2026-07-02,Cancelled
O001919,C00016,2025-04-09,Cancelled
O001920,C00464,2026-02-20,Cancelled
O001921,C00495,2026-06-08,Completed
O001922,C00059,2025-08-04,Completed
O001923,C00275,2024-08-15,Cancelled
O001924,C00321,2025-08-12,Pending
O001925,C00319,2025-02-13,Pending
O001926,C00111,2024-09-15,Completed
O001927,C00276,2024-11-14,Completed
O001928,C00138,2026-04-07,Completed
O001929,C00382,2025-10-08,Pending
O001930,C00084,2025-12-14,Cancelled
O001931,C00287,2024-10-18,Completed
O001932,C00308,2025-07-21,Pending
O001933,C00326,2025-02-24,Pending
O001934,C00278,2025-06-19,Cancelled
O001935,C00153,2024-09-04,Cancelled
O001936,C00265,2026-05-19,Cancelled
O001937,C00335,2026-06-13,Cancelled
O001938,C00430,2025-06-12,Completed
O001939,C00030,2026-07-27,Completed
O001940,C00321,2026-01-01,Pending
O001941,C00337,2025-12-22,Cancelled
O001942,C00026,2026-06-14,Completed
O001943,C00126,2025-06-25,Completed
O001944,C00394,2025-09-15,Completed
O001945,C00398,2025-08-22,Pending
O001946,C00314,2025-03-17,Pending
O001947,C00159,2025-10-08,Completed
O001948,C00193,2026-01-06,Cancelled
O001949,C00215,2025-11-03,Cancelled
O001950,C00322,2024-09-14,Pending
O001951,C00416,2024-08-10,Cancelled
O001952,C00379,2026-07-24,Cancelled
O001953,C00113,2026-05-02,Cancelled
O001954,C00330,2025-10-06,Completed
O001955,C00140,2024-12-05,Pending
O001956,C00006,2024-11-04,Completed
O001957,C00150,2024-08-18,Completed
O001958,C00492,2025-12-29,Completed
O001959,C00208,2026-06-01,Pending
O001960,C00241,2026-03-07,Completed
O001961,C00386,2025-02-19,Pending
O001962,C00158,2025-01-28,Cancelled
O001963,C00275,2025-10-17,Completed
O001964,C00425,2025-04-28,Completed
O001965,C00311,2024-09-04,Cancelled
O001966,C00046,2026-05-28,Pending
O001967,C00389,2026-03-13,Completed
O001968,C00437,2025-08-19,Completed
O001969,C00318,2025-09-17,Pending
O001970,C00328,2026-07-23,Pending
O001971,C00483,2026-05-13,Pending
O001972,C00157,2026-07-03,Completed
O001973,C00305,2025-12-06,Cancelled
O001974,C00023,2025-06-08,Completed
O001975,C00241,2026-01-19,Completed
O001976,C00444,2024-09-22,Pending
O001977,C00476,2025-02-11,Completed
O001978,C00498,2025-01-30,Pending
O001979,C00047,2025-12-27,Cancelled
O001980,C00313,2024-12-09,Pending
O001981,C00199,2026-07-25,Completed
O001982,C00444,2026-03-11,Cancelled
O001983,C00394,2025-03-20,Pending
O001984,C00379,2025-09-24,Completed
O001985,C00440,2025-09-20,Completed
O001986,C00058,2024-10-15,Pending
O001987,C00008,2026-07-18,Completed
O001988,C00193,2025-04-06,Pending
O001989,C00009,2024-11-20,Cancelled
O001990,C00473,2026-05-18,Pending
O001991,C00055,2025-05-13,Completed
O001992,C00454,2025-06-02,Completed
O001993,C00444,2024-11-06,Cancelled
O001994,C00130,2026-05-18,Completed
O001995,C00313,2026-02-21,Pending
O001996,C00197,2024-10-21,Pending
O001997,C00067,2025-09-29,Cancelled
O001998,C00360,2025-01-02,Pending
O001999,C00064,2026-03-23,Cancelled
O002000,C00325,2024-12-20,Cancelled
