payment_id,order_id,payment_method,payment_status,payment_date
PAY000001,O000001,PromptPay,Failed,2026-05-23
PAY000002,O000002,PromptPay,Pending,2025-09-11
PAY000003,O000003,PromptPay,Failed,2024-12-13
PAY000004,O000004,Cash,Failed,2024-11-18
PAY000005,O000005,Credit Card,Paid,2025-12-11
PAY000006,O000006,Cash,Paid,2025-02-23
PAY000007,O000007,Bank Transfer,Paid,2026-03-05
PAY000008,O000008,PromptPay,Paid,2025-04-02
PAY000009,O000009,PromptPay,Paid,2026-07-19
PAY000010,O000010,Cash,Paid,2025-04-15
PAY000011,O000011,Cash,Pending,2026-05-22
PAY000012,O000012,Bank Transfer,Paid,2025-04-20
PAY000013,O000013,Cash,Failed,2025-11-26
PAY000014,O000014,Cash,Pending,2025-08-11
PAY000015,O000015,PromptPay,Paid,2026-08-02
PAY000016,O000016,PromptPay,Pending,2025-05-31
PAY000017,O000017,Cash,Paid,2025-09-03
PAY000018,O000018,Cash,Failed,2025-07-28
PAY000019,O000019,PromptPay,Failed,2025-09-19
PAY000020,O000020,Credit Card,Failed,2024-12-23
PAY000021,O000021,Bank Transfer,Pending,2026-05-23
PAY000022,O000022,Credit Card,Paid,2025-05-22
PAY000023,O000023,PromptPay,Failed,2024-08-17
PAY000024,O000024,Bank Transfer,Pending,2026-06-02
PAY000025,O000025,PromptPay,Pending,2025-01-14
PAY000026,O000026,Cash,Failed,2025-04-07
PAY000027,O000027,PromptPay,Failed,2025-01-22
PAY000028,O000028,PromptPay,Paid,2024-11-29
PAY000029,O000029,Bank Transfer,Failed,2024-10-22
PAY000030,O000030,PromptPay,Failed,2026-05-12
PAY000031,O000031,Bank Transfer,Failed,2025-03-22
PAY000032,O000032,PromptPay,Pending,2025-12-11
PAY000033,O000033,Cash,Pending,2025-11-18
PAY000034,O000034,Bank Transfer,Paid,2026-01-25
PAY000035,O000035,Cash,Pending,2024-11-05
PAY000036,O000036,Cash,Failed,2025-05-05
PAY000037,O000037,Credit Card,Paid,2025-01-16
PAY000038,O000038,Cash,Paid,2025-02-10
PAY000039,O000039,Cash,Pending,2026-04-28
PAY000040,O000040,Cash,Paid,2025-12-19
PAY000041,O000041,Bank Transfer,Paid,2025-03-06
PAY000042,O000042,PromptPay,Failed,2025-01-15
PAY000043,O000043,Cash,Paid,2026-03-05
PAY000044,O000044,PromptPay,Pending,2026-05-07
PAY000045,O000045,Cash,Pending,2026-04-01
PAY000046,O000046,PromptPay,Failed,2025-03-14
PAY000047,O000047,Cash,Paid,2025-03-06
PAY000048,O000048,Cash,Paid,2025-07-08
PAY000049,O000049,Credit Card,Pending,2026-07-23
PAY000050,O000050,Cash,Pending,2024-12-22
PAY000051,O000051,Bank Transfer,Pending,2024-12-31
PAY000052,O000052,Bank Transfer,Pending,2025-06-07
PAY000053,O000053,Bank Transfer,Failed,2025-09-08
PAY000054,O000054,Cash,Paid,2026-04-26
PAY000055,O000055,Bank Transfer,Failed,2026-02-17
PAY000056,O000056,Cash,Failed,2026-04-04
PAY000057,O000057,PromptPay,Paid,2025-05-04
PAY000058,O000058,Bank Transfer,Failed,2024-11-18
PAY000059,O000059,Bank Transfer,Failed,2026-01-04
PAY000060,O000060,Credit Card,Pending,2024-08-17
PAY000061,O000061,Bank Transfer,Pending,2026-04-14
PAY000062,O000062,PromptPay,Failed,2025-03-25
PAY000063,O000063,Credit Card,Paid,2025-12-20
PAY000064,O000064,PromptPay,Paid,2025-02-28
PAY000065,O000065,Bank Transfer,Failed,2025-08-08
PAY000066,O000066,PromptPay,Failed,2025-10-09
PAY000067,O000067,Bank Transfer,Failed,2025-11-06
PAY000068,O000068,Credit Card,Pending,2025-04-05
PAY000069,O000069,PromptPay,Failed,2025-02-23
PAY000070,O000070,PromptPay,Paid,2024-11-23
PAY000071,O000071,Credit Card,Failed,2026-06-01
PAY000072,O000072,Bank Transfer,Failed,2025-05-03
PAY000073,O000073,Credit Card,Paid,2024-12-25
PAY000074,O000074,Cash,Failed,2026-06-03
PAY000075,O000075,PromptPay,Pending,2024-09-02
PAY000076,O000076,PromptPay,Pending,2026-06-26
PAY000077,O000077,Cash,Pending,2025-04-28
PAY000078,O000078,Credit Card,Paid,2025-05-21
PAY000079,O000079,Cash,Pending,2025-05-03
PAY000080,O000080,PromptPay,Paid,2025-05-07
PAY000081,O000081,PromptPay,Failed,2026-02-02
PAY000082,O000082,Cash,Pending,2025-09-12
PAY000083,O000083,Cash,Failed,2025-04-05
PAY000084,O000084,PromptPay,Paid,2026-04-17
PAY000085,O000085,Cash,Failed,2024-12-25
PAY000086,O000086,PromptPay,Pending,2025-07-03
PAY000087,O000087,PromptPay,Pending,2024-08-08
PAY000088,O000088,Cash,Failed,2025-07-24
PAY000089,O000089,Credit Card,Paid,2025-05-22
PAY000090,O000090,Bank Transfer,Failed,2025-06-09
PAY000091,O000091,Bank Transfer,Failed,2026-07-30
PAY000092,O000092,PromptPay,Failed,2024-09-14
PAY000093,O000093,Bank Transfer,Pending,2025-08-01
PAY000094,O000094,PromptPay,Failed,2026-05-31
PAY000095,O000095,Cash,Paid,2025-01-15
PAY000096,O000096,Bank Transfer,Paid,2024-12-22
PAY000097,O000097,Credit Card,Pending,2026-07-23
PAY000098,O000098,Cash,Paid,2025-11-05
PAY000099,O000099,PromptPay,Pending,2024-09-12
PAY000100,O000100,Cash,Pending,2026-02-19
PAY000101,O000101,Bank Transfer,Pending,2025-04-15
PAY000102,O000102,Cash,Paid,2025-05-15
PAY000103,O000103,Credit Card,Failed,2026-08-03
PAY000104,O000104,Credit Card,Pending,2026-01-11
PAY000105,O000105,Bank Transfer,Failed,2026-01-14
PAY000106,O000106,PromptPay,Pending,2025-11-09
PAY000107,O000107,Bank Transfer,Pending,2026-05-12
PAY000108,O000108,Credit Card,Failed,2026-03-12
PAY000109,O000109,Bank Transfer,Paid,2025-10-04
PAY000110,O000110,Cash,Paid,2024-08-04
PAY000111,O000111,PromptPay,Pending,2025-01-17
PAY000112,O000112,Credit Card,Paid,2024-08-17
PAY000113,O000113,Credit Card,Paid,2026-06-01
PAY000114,O000114,Cash,Failed,2026-04-19
PAY000115,O000115,Bank Transfer,Pending,2024-11-16
PAY000116,O000116,Bank Transfer,Paid,2025-04-11
PAY000117,O000117,Bank Transfer,Pending,2025-09-24
PAY000118,O000118,Cash,Failed,2026-02-03
PAY000119,O000119,Credit Card,Paid,2025-09-26
PAY000120,O000120,Cash,Failed,2024-08-23
PAY000121,O000121,Credit Card,Pending,2025-08-02
PAY000122,O000122,Credit Card,Failed,2025-05-13
PAY000123,O000123,Bank Transfer,Pending,2026-05-13
PAY000124,O000124,Bank Transfer,Paid,2025-04-06
PAY000125,O000125,Credit Card,Paid,2026-04-14
PAY000126,O000126,Bank Transfer,Pending,2025-07-11
PAY000127,O000127,Cash,Failed,2025-03-23
PAY000128,O000128,PromptPay,Paid,2024-09-18
PAY000129,O000129,Credit Card,Pending,2026-02-14
PAY000130,O000130,PromptPay,Failed,2026-02-04
PAY000131,O000131,Cash,Failed,2025-06-16
PAY000132,O000132,Credit Card,Failed,2025-09-01
PAY000133,O000133,Cash,Paid,2025-01-09
PAY000134,O000134,PromptPay,Pending,2025-01-03
PAY000135,O000135,Cash,Paid,2025-05-25
PAY000136,O000136,PromptPay,Pending,2024-11-15
PAY000137,O000137,Credit Card,Paid,2025-11-25
PAY000138,O000138,Credit Card,Pending,2025-09-21
PAY000139,O000139,Bank Transfer,Paid,2025-03-17
PAY000140,O000140,PromptPay,Paid,2025-12-16
PAY000141,O000141,Bank Transfer,Failed,2026-04-23
PAY000142,O000142,Cash,Failed,2024-10-01
PAY000143,O000143,PromptPay,Pending,2025-04-25
PAY000144,O000144,Cash,Pending,2025-04-13
PAY000145,O000145,Cash,Pending,2025-07-15
PAY000146,O000146,Bank Transfer,Pending,2026-04-19
PAY000147,O000147,Credit Card,Pending,2025-05-11
PAY000148,O000148,Credit Card,Failed,2026-05-05
PAY000149,O000149,PromptPay,Paid,2025-02-27
PAY000150,O000150,Cash,Paid,2026-03-09
PAY000151,O000151,PromptPay,Failed,2025-10-10
PAY000152,O000152,Cash,Paid,2026-02-05
PAY000153,O000153,Cash,Failed,2024-08-30
PAY000154,O000154,Bank Transfer,Pending,2025-09-19
PAY000155,O000155,Cash,Pending,2025-11-14
PAY000156,O000156,Credit Card,Paid,2024-10-16
PAY000157,O000157,PromptPay,Failed,2025-01-14
PAY000158,O000158,Credit Card,Failed,2026-01-17
PAY000159,O000159,PromptPay,Paid,2026-01-09
PAY000160,O000160,Cash,Failed,2026-03-15
PAY000161,O000161,Credit Card,Failed,2025-11-09
PAY000162,O000162,PromptPay,Pending,2025-10-05
PAY000163,O000163,Cash,Pending,2025-07-27
PAY000164,O000164,Bank Transfer,Failed,2025-06-02
PAY000165,O000165,PromptPay,Paid,2024-10-30
PAY000166,O000166,Bank Transfer,Pending,2026-02-02
PAY000167,O000167,Credit Card,Paid,2026-01-11
PAY000168,O000168,PromptPay,Failed,2026-01-02
PAY000169,O000169,PromptPay,Pending,2025-09-25
PAY000170,O000170,Cash,Paid,2026-03-24
PAY000171,O000171,Bank Transfer,Failed,2024-11-29
PAY000172,O000172,PromptPay,Pending,2026-02-12
PAY000173,O000173,PromptPay,Paid,2025-11-03
PAY000174,O000174,Bank Transfer,Pending,2024-10-18
PAY000175,O000175,Bank Transfer,Pending,2025-12-19
PAY000176,O000176,PromptPay,Failed,2025-06-27
PAY000177,O000177,Credit Card,Pending,2025-02-22
PAY000178,O000178,Bank Transfer,Pending,2024-11-20
PAY000179,O000179,Cash,Paid,2025-03-03
PAY000180,O000180,Cash,Failed,2024-08-13
PAY000181,O000181,PromptPay,Failed,2024-12-15
PAY000182,O000182,Credit Card,Paid,2025-01-09
PAY000183,O000183,Credit Card,Paid,2026-06-19
PAY000184,O000184,Credit Card,Failed,2025-11-01
PAY000185,O000185,Cash,Paid,2025-05-22
PAY000186,O000186,PromptPay,Failed,2025-06-27
PAY000187,O000187,Cash,Failed,2025-11-19
PAY000188,O000188,Cash,Failed,2025-12-30
PAY000189,O000189,Cash,Failed,2025-07-01
PAY000190,O000190,Bank Transfer,Pending,2025-12-16
PAY000191,O000191,PromptPay,Failed,2026-01-04
PAY000192,O000192,Credit Card,Pending,2026-07-08
PAY000193,O000193,Cash,Pending,2024-09-29
PAY000194,O000194,Bank Transfer,Pending,2025-03-25
PAY000195,O000195,Bank Transfer,Paid,2025-04-29
PAY000196,O000196,Bank Transfer,Paid,2025-12-18
PAY000197,O000197,PromptPay,Failed,2025-01-23
PAY000198,O000198,PromptPay,Paid,2024-10-14
PAY000199,O000199,Cash,Failed,2025-08-25
PAY000200,O000200,Cash,Paid,2026-06-05
PAY000201,O000201,PromptPay,Pending,2025-09-23
PAY000202,O000202,Cash,Paid,2025-07-28
PAY000203,O000203,Cash,Failed,2026-05-15
PAY000204,O000204,Cash,Paid,2025-07-15
PAY000205,O000205,PromptPay,Paid,2024-12-15
PAY000206,O000206,Bank Transfer,Failed,2025-01-02
PAY000207,O000207,PromptPay,Paid,2026-03-20
PAY000208,O000208,Cash,Failed,2025-11-04
PAY000209,O000209,Bank Transfer,Failed,2024-09-18
PAY000210,O000210,Cash,Failed,2026-02-12
PAY000211,O000211,PromptPay,Paid,2025-12-08
PAY000212,O000212,Credit Card,Failed,2025-08-23
PAY000213,O000213,PromptPay,Pending,2024-09-05
PAY000214,O000214,Credit Card,Pending,2026-06-05
PAY000215,O000215,Credit Card,Pending,2026-06-17
PAY000216,O000216,PromptPay,Failed,2025-01-26
PAY000217,O000217,PromptPay,Paid,2025-06-04
PAY000218,O000218,Bank Transfer,Pending,2024-09-15
PAY000219,O000219,Credit Card,Pending,2026-04-17
PAY000220,O000220,Bank Transfer,Pending,2025-12-15
PAY000221,O000221,Credit Card,Failed,2025-04-28
PAY000222,O000222,Cash,Paid,2025-06-22
PAY000223,O000223,PromptPay,Pending,2025-11-07
PAY000224,O000224,Bank Transfer,Paid,2024-12-25
PAY000225,O000225,Cash,Failed,2026-05-31
PAY000226,O000226,PromptPay,Paid,2026-01-11
PAY000227,O000227,PromptPay,Pending,2024-09-15
PAY000228,O000228,Bank Transfer,Failed,2026-03-26
PAY000229,O000229,PromptPay,Failed,2025-12-27
PAY000230,O000230,Credit Card,Paid,2025-08-08
PAY000231,O000231,Bank Transfer,Paid,2024-12-18
PAY000232,O000232,Cash,Pending,2026-05-29
PAY000233,O000233,Cash,Paid,2025-05-21
PAY000234,O000234,Bank Transfer,Pending,2025-04-13
PAY000235,O000235,Credit Card,Pending,2024-08-07
PAY000236,O000236,Credit Card,Failed,2025-08-18
PAY000237,O000237,Bank Transfer,Pending,2024-12-17
PAY000238,O000238,PromptPay,Pending,2026-04-29
PAY000239,O000239,Bank Transfer,Failed,2026-04-13
PAY000240,O000240,PromptPay,Failed,2024-12-20
PAY000241,O000241,Bank Transfer,Failed,2025-10-17
PAY000242,O000242,Bank Transfer,Failed,2026-03-29
PAY000243,O000243,Credit Card,Pending,2025-08-30
PAY000244,O000244,PromptPay,Pending,2025-12-30
PAY000245,O000245,PromptPay,Paid,2024-08-29
PAY000246,O000246,Bank Transfer,Pending,2025-09-18
PAY000247,O000247,PromptPay,Pending,2025-05-16
PAY000248,O000248,Cash,Pending,2025-01-11
PAY000249,O000249,Bank Transfer,Paid,2024-09-29
PAY000250,O000250,PromptPay,Failed,2025-02-04
PAY000251,O000251,Credit Card,Failed,2025-07-03
PAY000252,O000252,Bank Transfer,Pending,2024-11-20
PAY000253,O000253,Credit Card,Failed,2025-09-28
PAY000254,O000254,PromptPay,Paid,2025-07-31
PAY000255,O000255,Bank Transfer,Pending,2025-05-15
PAY000256,O000256,Cash,Paid,2025-05-06
PAY000257,O000257,Cash,Failed,2024-09-19
PAY000258,O000258,PromptPay,Pending,2024-12-08
PAY000259,O000259,Bank Transfer,Paid,2026-07-17
PAY000260,O000260,Credit Card,Paid,2024-09-28
PAY000261,O000261,Credit Card,Paid,2026-04-24
PAY000262,O000262,Credit Card,Paid,2025-10-29
PAY000263,O000263,Bank Transfer,Pending,2025-08-04
PAY000264,O000264,Cash,Pending,2025-01-15
PAY000265,O000265,Bank Transfer,Failed,2025-10-26
PAY000266,O000266,Bank Transfer,Failed,2024-08-03
PAY000267,O000267,Bank Transfer,Paid,2025-04-29
PAY000268,O000268,Credit Card,Paid,2025-08-29
PAY000269,O000269,PromptPay,Failed,2024-09-09
PAY000270,O000270,Bank Transfer,Paid,2026-06-13
PAY000271,O000271,Credit Card,Paid,2026-07-22
PAY000272,O000272,Credit Card,Paid,2026-04-15
PAY000273,O000273,Credit Card,Paid,2024-09-21
PAY000274,O000274,Bank Transfer,Failed,2025-01-21
PAY000275,O000275,PromptPay,Paid,2026-01-02
PAY000276,O000276,Credit Card,Pending,2025-10-07
PAY000277,O000277,PromptPay,Pending,2025-07-20
PAY000278,O000278,Credit Card,Pending,2025-11-10
PAY000279,O000279,Cash,Failed,2026-02-23
PAY000280,O000280,Credit Card,Pending,2025-10-06
PAY000281,O000281,Credit Card,Paid,2026-05-31
PAY000282,O000282,Credit Card,Paid,2025-12-29
PAY000283,O000283,Cash,Paid,2025-08-26
PAY000284,O000284,PromptPay,Paid,2025-10-12
PAY000285,O000285,Credit Card,Pending,2025-03-21
PAY000286,O000286,PromptPay,Failed,2025-02-10
PAY000287,O000287,PromptPay,Failed,2024-11-05
PAY000288,O000288,Bank Transfer,Paid,2025-05-18
PAY000289,O000289,Bank Transfer,Paid,2025-12-17
PAY000290,O000290,Credit Card,Paid,2025-05-04
PAY000291,O000291,PromptPay,Pending,2025-03-25
PAY000292,O000292,Cash,Failed,2024-08-13
PAY000293,O000293,Cash,Pending,2025-05-22
PAY000294,O000294,Cash,Failed,2025-08-03
PAY000295,O000295,Credit Card,Failed,2024-12-30
PAY000296,O000296,Credit Card,Failed,2025-08-06
PAY000297,O000297,Bank Transfer,Pending,2025-10-22
PAY000298,O000298,Cash,Failed,2025-06-07
PAY000299,O000299,Credit Card,Paid,2025-09-29
PAY000300,O000300,Credit Card,Paid,2025-04-28
PAY000301,O000301,PromptPay,Pending,2025-10-03
PAY000302,O000302,Credit Card,Pending,2024-08-29
PAY000303,O000303,Bank Transfer,Pending,2025-10-06
PAY000304,O000304,PromptPay,Pending,2024-08-04
PAY000305,O000305,Credit Card,Paid,2025-08-20
PAY000306,O000306,Credit Card,Failed,2025-06-19
PAY000307,O000307,Bank Transfer,Pending,2025-07-27
PAY000308,O000308,Cash,Pending,2025-08-28
PAY000309,O000309,PromptPay,Pending,2025-01-12
PAY000310,O000310,Cash,Failed,2025-06-23
PAY000311,O000311,PromptPay,Paid,2025-10-12
PAY000312,O000312,Bank Transfer,Pending,2025-08-28
PAY000313,O000313,Cash,Pending,2026-02-04
PAY000314,O000314,Credit Card,Paid,2024-11-03
PAY000315,O000315,PromptPay,Paid,2025-02-06
PAY000316,O000316,Bank Transfer,Pending,2024-08-29
PAY000317,O000317,PromptPay,Paid,2024-10-08
PAY000318,O000318,Bank Transfer,Failed,2026-06-21
PAY000319,O000319,Credit Card,Failed,2026-01-23
PAY000320,O000320,Cash,Failed,2025-01-28
PAY000321,O000321,Cash,Pending,2026-01-10
PAY000322,O000322,PromptPay,Pending,2024-10-03
PAY000323,O000323,Cash,Failed,2024-11-09
PAY000324,O000324,PromptPay,Failed,2025-04-23
PAY000325,O000325,Credit Card,Paid,2025-08-15
PAY000326,O000326,Credit Card,Failed,2025-11-25
PAY000327,O000327,Cash,Failed,2024-09-26
PAY000328,O000328,Bank Transfer,Paid,2024-08-29
PAY000329,O000329,Bank Transfer,Paid,2024-11-27
PAY000330,O000330,Credit Card,Paid,2024-10-14
PAY000331,O000331,Bank Transfer,Failed,2026-03-18
PAY000332,O000332,Bank Transfer,Pending,2025-05-29
PAY000333,O000333,Cash,Paid,2025-07-02
PAY000334,O000334,Bank Transfer,Paid,2026-03-01
PAY000335,O000335,Credit Card,Failed,2025-03-10
PAY000336,O000336,PromptPay,Paid,2025-09-25
PAY000337,O000337,Bank Transfer,Failed,2026-04-29
PAY000338,O000338,Credit Card,Paid,2024-08-16
PAY000339,O000339,Credit Card,Paid,2026-06-13
PAY000340,O000340,Credit Card,Paid,2025-01-15
PAY000341,O000341,PromptPay,Failed,2026-02-28
PAY000342,O000342,Bank Transfer,Failed,2026-05-17
PAY000343,O000343,Cash,Pending,2025-04-13
PAY000344,O000344,PromptPay,Failed,2025-10-03
PAY000345,O000345,PromptPay,Failed,2025-11-18
PAY000346,O000346,Cash,Failed,2025-11-26
PAY000347,O000347,PromptPay,Failed,2025-06-28
PAY000348,O000348,Bank Transfer,Paid,2024-12-05
PAY000349,O000349,Bank Transfer,Pending,2026-07-15
PAY000350,O000350,Credit Card,Failed,2026-02-21
PAY000351,O000351,Cash,Pending,2026-02-10
PAY000352,O000352,PromptPay,Pending,2025-04-05
PAY000353,O000353,Cash,Pending,2024-12-24
PAY000354,O000354,Bank Transfer,Pending,2024-10-26
PAY000355,O000355,Cash,Failed,2026-07-06
PAY000356,O000356,Cash,Paid,2025-05-14
PAY000357,O000357,Credit Card,Pending,2025-10-26
PAY000358,O000358,Bank Transfer,Failed,2024-11-11
PAY000359,O000359,PromptPay,Failed,2025-11-07
PAY000360,O000360,Bank Transfer,Failed,2025-11-24
PAY000361,O000361,PromptPay,Pending,2026-01-29
PAY000362,O000362,Credit Card,Failed,2026-07-09
PAY000363,O000363,Cash,Paid,2025-06-12
PAY000364,O000364,Cash,Paid,2025-12-14
PAY000365,O000365,Credit Card,Failed,2025-06-27
PAY000366,O000366,Credit Card,Failed,2024-10-04
PAY000367,O000367,Credit Card,Pending,2026-03-18
PAY000368,O000368,Bank Transfer,Failed,2026-01-21
PAY000369,O000369,Cash,Pending,2025-03-13
PAY000370,O000370,PromptPay,Failed,2025-10-31
PAY000371,O000371,Credit Card,Paid,2024-08-24
PAY000372,O000372,Credit Card,Paid,2025-03-18
PAY000373,O000373,Bank Transfer,Pending,2024-08-07
PAY000374,O000374,Bank Transfer,Paid,2026-03-26
PAY000375,O000375,Bank Transfer,Paid,2026-04-10
PAY000376,O000376,PromptPay,Paid,2026-04-10
PAY000377,O000377,Cash,Failed,2026-02-12
PAY000378,O000378,Bank Transfer,Failed,2026-06-13
PAY000379,O000379,PromptPay,Failed,2025-06-18
PAY000380,O000380,PromptPay,Failed,2025-09-21
PAY000381,O000381,Bank Transfer,Pending,2025-02-09
PAY000382,O000382,PromptPay,Failed,2026-06-20
PAY000383,O000383,Cash,Failed,2025-04-17
PAY000384,O000384,Bank Transfer,Pending,2024-10-13
PAY000385,O000385,Cash,Failed,2025-11-19
PAY000386,O000386,PromptPay,Pending,2025-11-14
PAY000387,O000387,PromptPay,Pending,2025-05-06
PAY000388,O000388,Bank Transfer,Failed,2025-07-02
PAY000389,O000389,Bank Transfer,Paid,2025-04-22
PAY000390,O000390,PromptPay,Failed,2025-10-20
PAY000391,O000391,Bank Transfer,Failed,2025-09-28
PAY000392,O000392,Bank Transfer,Failed,2025-01-01
PAY000393,O000393,PromptPay,Pending,2026-02-14
PAY000394,O000394,Bank Transfer,Failed,2025-01-06
PAY000395,O000395,PromptPay,Failed,2024-08-18
PAY000396,O000396,PromptPay,Failed,2025-08-27
PAY000397,O000397,PromptPay,Failed,2025-12-05
PAY000398,O000398,Credit Card,Paid,2025-04-22
PAY000399,O000399,Bank Transfer,Failed,2026-07-15
PAY000400,O000400,Cash,Paid,2026-07-23
PAY000401,O000401,Credit Card,Pending,2025-07-29
PAY000402,O000402,PromptPay,Paid,2025-04-09
PAY000403,O000403,PromptPay,Failed,2025-08-11
PAY000404,O000404,Credit Card,Paid,2025-04-12
PAY000405,O000405,Cash,Paid,2026-01-03
PAY000406,O000406,Bank Transfer,Pending,2025-10-30
PAY000407,O000407,Credit Card,Paid,2025-02-16
PAY000408,O000408,PromptPay,Failed,2024-09-12
PAY000409,O000409,Credit Card,Paid,2024-08-29
PAY000410,O000410,Bank Transfer,Paid,2024-10-16
PAY000411,O000411,Cash,Paid,2024-08-15
PAY000412,O000412,Bank Transfer,Pending,2026-04-01
PAY000413,O000413,Cash,Paid,2024-08-21
PAY000414,O000414,Bank Transfer,Failed,2024-12-12
PAY000415,O000415,PromptPay,Paid,2024-08-03
PAY000416,O000416,Cash,Pending,2026-02-04
PAY000417,O000417,Cash,Failed,2025-12-21
PAY000418,O000418,Cash,Failed,2025-08-19
PAY000419,O000419,PromptPay,Failed,2025-12-11
PAY000420,O000420,Cash,Pending,2025-11-20
PAY000421,O000421,PromptPay,Pending,2026-04-17
PAY000422,O000422,PromptPay,Failed,2026-03-30
PAY000423,O000423,Bank Transfer,Failed,2025-01-18
PAY000424,O000424,PromptPay,Failed,2025-06-24
PAY000425,O000425,Bank Transfer,Failed,2025-08-13
PAY000426,O000426,Credit Card,Pending,2025-07-01
PAY000427,O000427,Credit Card,Pending,2024-10-08
PAY000428,O000428,Cash,Failed,2026-07-29
PAY000429,O000429,Cash,Paid,2025-07-19
PAY000430,O000430,Cash,Failed,2025-06-23
PAY000431,O000431,Credit Card,Paid,2025-10-05
PAY000432,O000432,Bank Transfer,Paid,2025-06-11
PAY000433,O000433,Credit Card,Pending,2026-05-31
PAY000434,O000434,PromptPay,Pending,2026-05-07
PAY000435,O000435,Cash,Failed,2026-02-11
PAY000436,O000436,Cash,Paid,2025-04-15
PAY000437,O000437,Credit Card,Pending,2024-09-25
PAY000438,O000438,PromptPay,Failed,2026-02-23
PAY000439,O000439,Bank Transfer,Paid,2024-09-11
PAY000440,O000440,Bank Transfer,Paid,2026-06-16
PAY000441,O000441,Credit Card,Paid,2025-04-23
PAY000442,O000442,Bank Transfer,Paid,2024-11-14
PAY000443,O000443,PromptPay,Pending,2024-09-09
PAY000444,O000444,PromptPay,Pending,2025-12-16
PAY000445,O000445,PromptPay,Failed,2025-12-08
PAY000446,O000446,Credit Card,Paid,2026-03-17
PAY000447,O000447,PromptPay,Paid,2024-12-13
PAY000448,O000448,PromptPay,Paid,2025-12-23
PAY000449,O000449,Cash,Paid,2025-02-17
PAY000450,O000450,PromptPay,Failed,2026-05-13
PAY000451,O000451,PromptPay,Failed,2024-10-27
PAY000452,O000452,Cash,Failed,2025-02-02
PAY000453,O000453,Bank Transfer,Pending,2026-07-22
PAY000454,O000454,Bank Transfer,Paid,2025-09-19
PAY000455,O000455,Cash,Paid,2026-02-04
PAY000456,O000456,PromptPay,Failed,2026-03-13
PAY000457,O000457,PromptPay,Pending,2026-06-16
PAY000458,O000458,Credit Card,Failed,2024-12-03
PAY000459,O000459,Bank Transfer,Paid,2025-03-10
PAY000460,O000460,Credit Card,Paid,2025-07-22
PAY000461,O000461,Credit Card,Pending,2025-04-01
PAY000462,O000462,Credit Card,Pending,2025-09-06
PAY000463,O000463,Bank Transfer,Paid,2026-05-23
PAY000464,O000464,Cash,Paid,2024-12-17
PAY000465,O000465,PromptPay,Pending,2026-07-04
PAY000466,O000466,Cash,Pending,2026-06-17
PAY000467,O000467,PromptPay,Paid,2024-08-22
PAY000468,O000468,Credit Card,Failed,2026-06-24
PAY000469,O000469,PromptPay,Failed,2025-05-21
PAY000470,O000470,Credit Card,Failed,2025-11-12
PAY000471,O000471,Bank Transfer,Paid,2025-03-30
PAY000472,O000472,Bank Transfer,Failed,2026-07-03
PAY000473,O000473,PromptPay,Paid,2024-10-26
PAY000474,O000474,Bank Transfer,Paid,2024-08-30
PAY000475,O000475,PromptPay,Pending,2025-10-28
PAY000476,O000476,Cash,Pending,2024-09-23
PAY000477,O000477,Credit Card,Paid,2024-08-22
PAY000478,O000478,Bank Transfer,Pending,2024-08-31
PAY000479,O000479,Cash,Failed,2025-01-20
PAY000480,O000480,Bank Transfer,Pending,2025-04-10
PAY000481,O000481,Credit Card,Failed,2024-12-12
PAY000482,O000482,PromptPay,Paid,2025-05-22
PAY000483,O000483,PromptPay,Paid,2026-03-23
PAY000484,O000484,Credit Card,Paid,2026-06-27
PAY000485,O000485,Bank Transfer,Paid,2024-11-19
PAY000486,O000486,PromptPay,Failed,2026-03-03
PAY000487,O000487,Cash,Paid,2026-07-04
PAY000488,O000488,Cash,Pending,2026-06-02
PAY000489,O000489,Cash,Paid,2024-08-04
PAY000490,O000490,Bank Transfer,Failed,2026-01-21
PAY000491,O000491,Credit Card,Paid,2026-04-01
PAY000492,O000492,PromptPay,Pending,2024-12-28
PAY000493,O000493,Cash,Paid,2025-03-28
PAY000494,O000494,Credit Card,Failed,2025-05-16
PAY000495,O000495,Cash,Paid,2026-01-12
PAY000496,O000496,PromptPay,Pending,2025-02-16
PAY000497,O000497,Cash,Failed,2025-05-27
PAY000498,O000498,Credit Card,Pending,2025-05-06
PAY000499,O000499,Cash,Failed,2024-09-10
PAY000500,O000500,Cash,Pending,2025-04-11
PAY000501,O000501,Bank Transfer,Failed,2024-08-22
PAY000502,O000502,Bank Transfer,Paid,2026-07-23
PAY000503,O000503,Credit Card,Failed,2025-07-17
PAY000504,O000504,Credit Card,Failed,2024-10-10
PAY000505,O000505,PromptPay,Paid,2026-02-04
PAY000506,O000506,Credit Card,Pending,2025-10-21
PAY000507,O000507,PromptPay,Failed,2025-01-27
PAY000508,O000508,Bank Transfer,Paid,2026-06-26
PAY000509,O000509,Bank Transfer,Failed,2025-08-13
PAY000510,O000510,Credit Card,Failed,2026-01-26
PAY000511,O000511,Bank Transfer,Paid,2026-05-01
PAY000512,O000512,Bank Transfer,Paid,2025-07-08
PAY000513,O000513,Credit Card,Pending,2025-09-19
PAY000514,O000514,Credit Card,Paid,2026-04-03
PAY000515,O000515,Credit Card,Failed,2026-04-17
PAY000516,O000516,Cash,Paid,2025-05-23
PAY000517,O000517,Credit Card,Paid,2026-03-20
PAY000518,O000518,Cash,Failed,2026-05-23
PAY000519,O000519,Credit Card,Failed,2026-01-26
PAY000520,O000520,Credit Card,Paid,2025-08-20
PAY000521,O000521,Bank Transfer,Paid,2025-09-16
PAY000522,O000522,PromptPay,Paid,2025-05-02
PAY000523,O000523,PromptPay,Pending,2024-08-13
PAY000524,O000524,Bank Transfer,Paid,2026-07-16
PAY000525,O000525,Credit Card,Failed,2025-09-10
PAY000526,O000526,PromptPay,Failed,2026-07-18
PAY000527,O000527,Cash,Failed,2025-05-14
PAY000528,O000528,Cash,Pending,2025-04-30
PAY000529,O000529,Cash,Pending,2026-03-21
PAY000530,O000530,Bank Transfer,Failed,2026-01-12
PAY000531,O000531,Cash,Pending,2024-10-29
PAY000532,O000532,Cash,Pending,2024-09-18
PAY000533,O000533,PromptPay,Paid,2026-05-29
PAY000534,O000534,PromptPay,Pending,2024-11-11
PAY000535,O000535,Credit Card,Paid,2024-09-01
PAY000536,O000536,Bank Transfer,Pending,2024-09-14
PAY000537,O000537,PromptPay,Paid,2025-03-21
PAY000538,O000538,Cash,Failed,2025-07-27
PAY000539,O000539,PromptPay,Pending,2026-03-25
PAY000540,O000540,Cash,Paid,2026-04-06
PAY000541,O000541,Credit Card,Failed,2025-04-05
PAY000542,O000542,Credit Card,Paid,2025-01-16
PAY000543,O000543,Cash,Pending,2025-04-26
PAY000544,O000544,Bank Transfer,Pending,2025-12-23
PAY000545,O000545,Bank Transfer,Paid,2025-08-17
PAY000546,O000546,Credit Card,Paid,2025-01-04
PAY000547,O000547,Credit Card,Paid,2024-08-24
PAY000548,O000548,PromptPay,Paid,2026-07-07
PAY000549,O000549,Bank Transfer,Paid,2025-02-08
PAY000550,O000550,Bank Transfer,Paid,2025-07-29
PAY000551,O000551,PromptPay,Paid,2024-11-23
PAY000552,O000552,PromptPay,Failed,2026-06-25
PAY000553,O000553,PromptPay,Failed,2025-07-13
PAY000554,O000554,Cash,Paid,2026-06-30
PAY000555,O000555,PromptPay,Pending,2026-05-26
PAY000556,O000556,Cash,Pending,2026-06-29
PAY000557,O000557,Bank Transfer,Failed,2025-05-30
PAY000558,O000558,PromptPay,Failed,2025-09-15
PAY000559,O000559,Cash,Failed,2025-05-18
PAY000560,O000560,PromptPay,Paid,2026-08-01
PAY000561,O000561,Credit Card,Paid,2025-02-21
PAY000562,O000562,Credit Card,Paid,2024-09-20
PAY000563,O000563,Credit Card,Pending,2025-06-04
PAY000564,O000564,Cash,Paid,2025-09-15
PAY000565,O000565,Cash,Pending,2026-07-20
PAY000566,O000566,Bank Transfer,Paid,2025-02-08
PAY000567,O000567,PromptPay,Pending,2025-02-20
PAY000568,O000568,Bank Transfer,Failed,2025-04-01
PAY000569,O000569,PromptPay,Paid,2025-08-09
PAY000570,O000570,Cash,Pending,2025-08-22
PAY000571,O000571,Bank Transfer,Pending,2026-03-25
PAY000572,O000572,PromptPay,Pending,2026-01-05
PAY000573,O000573,Cash,Paid,2024-08-08
PAY000574,O000574,PromptPay,Pending,2025-11-14
PAY000575,O000575,Bank Transfer,Failed,2024-10-17
PAY000576,O000576,PromptPay,Failed,2025-03-20
PAY000577,O000577,Credit Card,Failed,2026-07-08
PAY000578,O000578,Bank Transfer,Paid,2026-01-10
PAY000579,O000579,Bank Transfer,Failed,2025-11-14
PAY000580,O000580,Bank Transfer,Failed,2025-04-09
PAY000581,O000581,Credit Card,Pending,2025-01-05
PAY000582,O000582,Cash,Failed,2025-12-26
PAY000583,O000583,PromptPay,Pending,2026-06-18
PAY000584,O000584,Bank Transfer,Paid,2026-07-10
PAY000585,O000585,Cash,Paid,2025-10-12
PAY000586,O000586,PromptPay,Pending,2025-01-07
PAY000587,O000587,Cash,Paid,2024-10-29
PAY000588,O000588,Bank Transfer,Pending,2026-03-31
PAY000589,O000589,Bank Transfer,Failed,2024-11-14
PAY000590,O000590,Cash,Paid,2026-03-20
PAY000591,O000591,Bank Transfer,Paid,2024-10-13
PAY000592,O000592,Bank Transfer,Failed,2025-09-08
PAY000593,O000593,Credit Card,Failed,2024-11-07
PAY000594,O000594,Credit Card,Paid,2025-02-23
PAY000595,O000595,Credit Card,Failed,2026-05-18
PAY000596,O000596,Cash,Paid,2026-01-07
PAY000597,O000597,PromptPay,Failed,2026-01-30
PAY000598,O000598,PromptPay,Pending,2025-09-08
PAY000599,O000599,Bank Transfer,Paid,2025-05-04
PAY000600,O000600,Bank Transfer,Failed,2025-04-14
PAY000601,O000601,Credit Card,Pending,2025-06-12
PAY000602,O000602,Bank Transfer,Paid,2026-04-27
PAY000603,O000603,PromptPay,Paid,2026-03-15
PAY000604,O000604,Credit Card,Pending,2024-08-15
PAY000605,O000605,PromptPay,Paid,2025-03-01
PAY000606,O000606,PromptPay,Pending,2025-10-21
PAY000607,O000607,Cash,Pending,2025-01-08
PAY000608,O000608,Credit Card,Failed,2025-06-07
PAY000609,O000609,Bank Transfer,Failed,2025-11-21
PAY000610,O000610,Cash,Paid,2025-01-30
PAY000611,O000611,Bank Transfer,Pending,2025-10-07
PAY000612,O000612,Credit Card,Failed,2024-11-16
PAY000613,O000613,PromptPay,Paid,2025-03-23
PAY000614,O000614,Credit Card,Pending,2024-11-19
PAY000615,O000615,Cash,Pending,2026-07-22
PAY000616,O000616,Bank Transfer,Pending,2025-03-23
PAY000617,O000617,PromptPay,Paid,2026-03-17
PAY000618,O000618,PromptPay,Pending,2025-05-14
PAY000619,O000619,Cash,Pending,2024-09-18
PAY000620,O000620,Credit Card,Pending,2024-09-04
PAY000621,O000621,Credit Card,Paid,2025-09-01
PAY000622,O000622,Bank Transfer,Failed,2025-04-21
PAY000623,O000623,Cash,Paid,2025-02-21
PAY000624,O000624,Cash,Pending,2025-09-18
PAY000625,O000625,Cash,Pending,2025-11-06
PAY000626,O000626,Cash,Failed,2025-03-19
PAY000627,O000627,Bank Transfer,Pending,2025-02-05
PAY000628,O000628,Bank Transfer,Paid,2024-11-01
PAY000629,O000629,Credit Card,Pending,2025-01-14
PAY000630,O000630,Cash,Paid,2025-11-12
PAY000631,O000631,PromptPay,Failed,2025-09-19
PAY000632,O000632,Cash,Pending,2025-03-17
PAY000633,O000633,Bank Transfer,Failed,2024-08-17
PAY000634,O000634,PromptPay,Paid,2025-02-26
PAY000635,O000635,PromptPay,Paid,2025-09-17
PAY000636,O000636,Credit Card,Pending,2026-02-19
PAY000637,O000637,Credit Card,Failed,2024-09-02
PAY000638,O000638,Bank Transfer,Paid,2026-03-12
PAY000639,O000639,Credit Card,Failed,2025-02-19
PAY000640,O000640,Cash,Pending,2025-10-15
PAY000641,O000641,PromptPay,Pending,2024-11-22
PAY000642,O000642,Bank Transfer,Failed,2025-12-22
PAY000643,O000643,Credit Card,Pending,2026-01-18
PAY000644,O000644,Bank Transfer,Paid,2025-12-07
PAY000645,O000645,PromptPay,Failed,2024-08-03
PAY000646,O000646,Bank Transfer,Failed,2026-06-05
PAY000647,O000647,Credit Card,Failed,2025-10-21
PAY000648,O000648,PromptPay,Pending,2026-02-23
PAY000649,O000649,Credit Card,Pending,2024-09-05
PAY000650,O000650,Cash,Paid,2025-10-01
PAY000651,O000651,PromptPay,Paid,2026-01-10
PAY000652,O000652,Credit Card,Pending,2026-07-24
PAY000653,O000653,PromptPay,Paid,2025-03-19
PAY000654,O000654,Credit Card,Paid,2025-03-22
PAY000655,O000655,Bank Transfer,Failed,2026-01-20
PAY000656,O000656,Cash,Pending,2025-04-08
PAY000657,O000657,Credit Card,Paid,2025-11-21
PAY000658,O000658,PromptPay,Pending,2026-05-10
PAY000659,O000659,Cash,Paid,2025-09-04
PAY000660,O000660,Cash,Pending,2024-09-03
PAY000661,O000661,PromptPay,Pending,2025-06-09
PAY000662,O000662,Credit Card,Paid,2025-02-10
PAY000663,O000663,PromptPay,Paid,2024-10-23
PAY000664,O000664,Bank Transfer,Pending,2026-03-21
PAY000665,O000665,Credit Card,Paid,2024-09-04
PAY000666,O000666,Credit Card,Failed,2025-09-11
PAY000667,O000667,Bank Transfer,Failed,2026-06-20
PAY000668,O000668,Credit Card,Pending,2026-03-16
PAY000669,O000669,Bank Transfer,Pending,2025-01-02
PAY000670,O000670,Credit Card,Failed,2025-09-02
PAY000671,O000671,Credit Card,Paid,2025-03-23
PAY000672,O000672,Bank Transfer,Pending,2026-07-06
PAY000673,O000673,Cash,Paid,2025-09-28
PAY000674,O000674,Credit Card,Paid,2025-12-26
PAY000675,O000675,Cash,Failed,2026-01-22
PAY000676,O000676,Credit Card,Failed,2026-04-12
PAY000677,O000677,Cash,Paid,2025-01-31
PAY000678,O000678,Bank Transfer,Failed,2025-03-07
PAY000679,O000679,Cash,Failed,2025-05-10
PAY000680,O000680,Credit Card,Paid,2024-11-22
PAY000681,O000681,PromptPay,Failed,2026-05-26
PAY000682,O000682,PromptPay,Pending,2026-03-04
PAY000683,O000683,Cash,Failed,2026-07-13
PAY000684,O000684,PromptPay,Paid,2026-06-23
PAY000685,O000685,PromptPay,Failed,2026-07-21
PAY000686,O000686,Cash,Pending,2026-06-19
PAY000687,O000687,Credit Card,Failed,2025-07-17
PAY000688,O000688,Credit Card,Paid,2026-02-15
PAY000689,O000689,PromptPay,Pending,2025-06-14
PAY000690,O000690,PromptPay,Failed,2025-05-06
PAY000691,O000691,PromptPay,Paid,2025-05-09
PAY000692,O000692,Credit Card,Failed,2026-07-18
PAY000693,O000693,Bank Transfer,Pending,2026-03-14
PAY000694,O000694,Cash,Pending,2025-11-10
PAY000695,O000695,PromptPay,Paid,2026-03-30
PAY000696,O000696,PromptPay,Failed,2025-11-10
PAY000697,O000697,Credit Card,Pending,2025-12-24
PAY000698,O000698,Credit Card,Paid,2025-06-16
PAY000699,O000699,Cash,Paid,2026-05-31
PAY000700,O000700,Cash,Paid,2024-09-13
PAY000701,O000701,Cash,Failed,2024-11-24
PAY000702,O000702,Cash,Paid,2024-10-27
PAY000703,O000703,Bank Transfer,Paid,2025-07-11
PAY000704,O000704,Bank Transfer,Pending,2025-10-19
PAY000705,O000705,PromptPay,Pending,2026-05-24
PAY000706,O000706,Cash,Paid,2025-01-07
PAY000707,O000707,Cash,Paid,2024-09-01
PAY000708,O000708,Cash,Failed,2025-09-16
PAY000709,O000709,Credit Card,Pending,2026-06-20
PAY000710,O000710,Bank Transfer,Paid,2026-02-04
PAY000711,O000711,Cash,Paid,2025-08-24
PAY000712,O000712,Cash,Paid,2025-12-07
PAY000713,O000713,Cash,Pending,2025-05-13
PAY000714,O000714,Cash,Paid,2024-11-21
PAY000715,O000715,Credit Card,Failed,2024-08-03
PAY000716,O000716,Cash,Failed,2025-12-03
PAY000717,O000717,Cash,Paid,2025-07-06
PAY000718,O000718,Bank Transfer,Pending,2026-06-27
PAY000719,O000719,Cash,Pending,2025-02-12
PAY000720,O000720,PromptPay,Pending,2024-10-18
PAY000721,O000721,Bank Transfer,Failed,2025-05-15
PAY000722,O000722,Credit Card,Pending,2025-06-15
PAY000723,O000723,PromptPay,Paid,2026-03-10
PAY000724,O000724,Credit Card,Failed,2025-03-15
PAY000725,O000725,Bank Transfer,Failed,2025-03-24
PAY000726,O000726,PromptPay,Failed,2026-06-10
PAY000727,O000727,Credit Card,Pending,2026-04-15
PAY000728,O000728,Cash,Failed,2025-04-11
PAY000729,O000729,Bank Transfer,Failed,2026-01-03
PAY000730,O000730,Bank Transfer,Paid,2025-02-05
PAY000731,O000731,Cash,Pending,2024-12-15
PAY000732,O000732,Bank Transfer,Failed,2025-02-23
PAY000733,O000733,Cash,Paid,2025-09-19
PAY000734,O000734,Bank Transfer,Failed,2026-05-05
PAY000735,O000735,Cash,Paid,2025-09-11
PAY000736,O000736,PromptPay,Pending,2026-01-06
PAY000737,O000737,Cash,Pending,2026-06-16
PAY000738,O000738,PromptPay,Pending,2025-12-12
PAY000739,O000739,Credit Card,Paid,2026-05-31
PAY000740,O000740,Credit Card,Pending,2024-09-16
PAY000741,O000741,Credit Card,Paid,2025-07-17
PAY000742,O000742,PromptPay,Failed,2025-09-28
PAY000743,O000743,Bank Transfer,Failed,2025-03-15
PAY000744,O000744,Bank Transfer,Paid,2025-06-14
PAY000745,O000745,Credit Card,Failed,2026-07-17
PAY000746,O000746,Credit Card,Pending,2025-05-21
PAY000747,O000747,Credit Card,Pending,2026-01-29
PAY000748,O000748,Cash,Pending,2025-04-17
PAY000749,O000749,Bank Transfer,Failed,2025-10-30
PAY000750,O000750,PromptPay,Pending,2024-10-28
PAY000751,O000751,PromptPay,Pending,2026-06-07
PAY000752,O000752,Bank Transfer,Failed,2025-12-09
PAY000753,O000753,PromptPay,Paid,2024-09-15
PAY000754,O000754,Credit Card,Paid,2026-03-21
PAY000755,O000755,PromptPay,Paid,2024-09-08
PAY000756,O000756,Bank Transfer,Failed,2024-09-22
PAY000757,O000757,Credit Card,Paid,2025-11-21
PAY000758,O000758,Bank Transfer,Pending,2026-07-06
PAY000759,O000759,PromptPay,Paid,2025-09-17
PAY000760,O000760,Credit Card,Failed,2025-05-21
PAY000761,O000761,Cash,Failed,2026-01-04
PAY000762,O000762,Credit Card,Failed,2025-02-23
PAY000763,O000763,PromptPay,Pending,2026-01-05
PAY000764,O000764,Cash,Pending,2026-05-02
PAY000765,O000765,Bank Transfer,Paid,2025-08-11
PAY000766,O000766,Bank Transfer,Paid,2026-05-14
PAY000767,O000767,Cash,Failed,2024-12-21
PAY000768,O000768,Cash,Paid,2026-01-13
PAY000769,O000769,Bank Transfer,Paid,2026-07-15
PAY000770,O000770,Credit Card,Paid,2025-12-02
PAY000771,O000771,Cash,Paid,2025-02-05
PAY000772,O000772,Credit Card,Pending,2025-02-17
PAY000773,O000773,PromptPay,Paid,2025-03-10
PAY000774,O000774,Credit Card,Failed,2026-05-20
PAY000775,O000775,Bank Transfer,Failed,2025-12-31
PAY000776,O000776,Credit Card,Failed,2026-05-10
PAY000777,O000777,Credit Card,Paid,2025-03-16
PAY000778,O000778,Credit Card,Failed,2025-03-15
PAY000779,O000779,PromptPay,Paid,2025-09-11
PAY000780,O000780,Cash,Pending,2025-12-06
PAY000781,O000781,Credit Card,Failed,2024-10-30
PAY000782,O000782,Bank Transfer,Pending,2025-04-18
PAY000783,O000783,PromptPay,Pending,2025-04-10
PAY000784,O000784,PromptPay,Pending,2026-05-12
PAY000785,O000785,Cash,Pending,2025-02-09
PAY000786,O000786,Bank Transfer,Pending,2026-07-13
PAY000787,O000787,Cash,Paid,2024-11-24
PAY000788,O000788,Credit Card,Failed,2025-12-13
PAY000789,O000789,PromptPay,Pending,2026-07-13
PAY000790,O000790,Bank Transfer,Pending,2025-06-14
PAY000791,O000791,Credit Card,Paid,2025-03-17
PAY000792,O000792,Cash,Failed,2026-02-22
PAY000793,O000793,PromptPay,Pending,2026-06-23
PAY000794,O000794,Cash,Failed,2025-02-05
PAY000795,O000795,PromptPay,Failed,2026-07-29
PAY000796,O000796,Cash,Failed,2025-11-04
PAY000797,O000797,Cash,Failed,2025-10-27
PAY000798,O000798,Cash,Paid,2025-05-08
PAY000799,O000799,Cash,Failed,2025-01-31
PAY000800,O000800,Bank Transfer,Paid,2025-11-02
PAY000801,O000801,Bank Transfer,Failed,2026-06-25
PAY000802,O000802,Bank Transfer,Pending,2024-12-03
PAY000803,O000803,PromptPay,Paid,2026-03-28
PAY000804,O000804,Cash,Pending,2025-10-28
PAY000805,O000805,Credit Card,Failed,2024-09-14
PAY000806,O000806,PromptPay,Pending,2025-02-11
PAY000807,O000807,Cash,Pending,2026-02-17
PAY000808,O000808,Cash,Failed,2024-11-10
PAY000809,O000809,Cash,Pending,2025-11-21
PAY000810,O000810,PromptPay,Pending,2026-01-05
PAY000811,O000811,Credit Card,Paid,2025-06-06
PAY000812,O000812,Bank Transfer,Failed,2025-11-08
PAY000813,O000813,Cash,Pending,2025-01-30
PAY000814,O000814,PromptPay,Failed,2024-10-11
PAY000815,O000815,Bank Transfer,Pending,2025-08-30
PAY000816,O000816,Credit Card,Failed,2025-11-01
PAY000817,O000817,Credit Card,Failed,2025-04-14
PAY000818,O000818,Cash,Pending,2025-01-13
PAY000819,O000819,PromptPay,Failed,2025-02-10
PAY000820,O000820,Cash,Paid,2025-01-17
PAY000821,O000821,Cash,Paid,2024-08-30
PAY000822,O000822,Credit Card,Pending,2025-03-14
PAY000823,O000823,Credit Card,Pending,2025-08-13
PAY000824,O000824,Credit Card,Pending,2024-10-26
PAY000825,O000825,PromptPay,Failed,2026-05-25
PAY000826,O000826,Bank Transfer,Paid,2026-04-17
PAY000827,O000827,Credit Card,Pending,2026-05-13
PAY000828,O000828,Bank Transfer,Paid,2025-03-23
PAY000829,O000829,PromptPay,Paid,2025-12-05
PAY000830,O000830,Bank Transfer,Paid,2025-02-11
PAY000831,O000831,Credit Card,Paid,2026-05-19
PAY000832,O000832,Credit Card,Paid,2025-10-25
PAY000833,O000833,Bank Transfer,Failed,2025-05-08
PAY000834,O000834,Bank Transfer,Paid,2025-02-26
PAY000835,O000835,Bank Transfer,Paid,2024-10-03
PAY000836,O000836,PromptPay,Paid,2024-11-18
PAY000837,O000837,Bank Transfer,Pending,2025-02-22
PAY000838,O000838,PromptPay,Pending,2026-02-07
PAY000839,O000839,PromptPay,Failed,2026-07-01
PAY000840,O000840,Bank Transfer,Paid,2025-11-06
PAY000841,O000841,PromptPay,Paid,2024-08-14
PAY000842,O000842,Bank Transfer,Failed,2025-01-22
PAY000843,O000843,Cash,Failed,2024-08-09
PAY000844,O000844,Cash,Pending,2026-05-18
PAY000845,O000845,Cash,Pending,2026-02-24
PAY000846,O000846,PromptPay,Failed,2024-10-21
PAY000847,O000847,Cash,Paid,2024-12-29
PAY000848,O000848,Bank Transfer,Paid,2024-08-13
PAY000849,O000849,Credit Card,Pending,2024-09-15
PAY000850,O000850,Cash,Failed,2025-04-12
PAY000851,O000851,Cash,Paid,2024-11-20
PAY000852,O000852,Cash,Paid,2026-01-02
PAY000853,O000853,Cash,Pending,2026-04-24
PAY000854,O000854,Cash,Pending,2024-10-08
PAY000855,O000855,PromptPay,Pending,2024-09-22
PAY000856,O000856,PromptPay,Pending,2025-03-09
PAY000857,O000857,PromptPay,Paid,2025-07-15
PAY000858,O000858,Credit Card,Pending,2025-04-05
PAY000859,O000859,Cash,Paid,2026-05-25
PAY000860,O000860,Bank Transfer,Paid,2025-05-20
PAY000861,O000861,PromptPay,Failed,2025-04-04
PAY000862,O000862,Bank Transfer,Pending,2024-10-18
PAY000863,O000863,Bank Transfer,Failed,2025-10-10
PAY000864,O000864,Credit Card,Pending,2024-12-15
PAY000865,O000865,PromptPay,Failed,2025-07-12
PAY000866,O000866,Cash,Failed,2025-06-25
PAY000867,O000867,Bank Transfer,Failed,2025-07-18
PAY000868,O000868,PromptPay,Pending,2024-12-24
PAY000869,O000869,PromptPay,Failed,2026-03-29
PAY000870,O000870,Credit Card,Pending,2024-12-04
PAY000871,O000871,PromptPay,Pending,2024-08-27
PAY000872,O000872,Credit Card,Paid,2024-09-17
PAY000873,O000873,PromptPay,Paid,2025-01-03
PAY000874,O000874,Cash,Pending,2024-08-25
PAY000875,O000875,Cash,Pending,2025-04-29
PAY000876,O000876,Cash,Failed,2024-09-28
PAY000877,O000877,Cash,Failed,2024-12-31
PAY000878,O000878,Cash,Failed,2024-09-30
PAY000879,O000879,Bank Transfer,Pending,2025-07-09
PAY000880,O000880,Cash,Failed,2025-03-31
PAY000881,O000881,Bank Transfer,Paid,2025-01-06
PAY000882,O000882,Bank Transfer,Failed,2025-11-30
PAY000883,O000883,Bank Transfer,Paid,2024-12-10
PAY000884,O000884,PromptPay,Paid,2024-11-20
PAY000885,O000885,PromptPay,Paid,2025-12-31
PAY000886,O000886,Bank Transfer,Paid,2026-03-31
PAY000887,O000887,Credit Card,Paid,2024-12-09
PAY000888,O000888,Bank Transfer,Paid,2025-08-04
PAY000889,O000889,Credit Card,Paid,2025-02-11
PAY000890,O000890,Bank Transfer,Pending,2024-11-22
PAY000891,O000891,Bank Transfer,Pending,2025-11-19
PAY000892,O000892,Credit Card,Paid,2025-08-21
PAY000893,O000893,Bank Transfer,Paid,2026-06-28
PAY000894,O000894,Cash,Failed,2026-07-24
PAY000895,O000895,Cash,Pending,2025-07-04
PAY000896,O000896,PromptPay,Paid,2026-07-25
PAY000897,O000897,PromptPay,Paid,2025-04-08
PAY000898,O000898,PromptPay,Failed,2026-07-06
PAY000899,O000899,Bank Transfer,Paid,2025-12-27
PAY000900,O000900,Credit Card,Paid,2025-02-05
PAY000901,O000901,Credit Card,Failed,2025-04-23
PAY000902,O000902,Cash,Failed,2026-05-21
PAY000903,O000903,Credit Card,Pending,2026-03-13
PAY000904,O000904,Credit Card,Paid,2025-08-04
PAY000905,O000905,Credit Card,Failed,2026-06-14
PAY000906,O000906,Bank Transfer,Failed,2025-12-14
PAY000907,O000907,PromptPay,Paid,2024-11-18
PAY000908,O000908,Cash,Paid,2025-02-25
PAY000909,O000909,PromptPay,Paid,2025-01-13
PAY000910,O000910,PromptPay,Paid,2025-08-26
PAY000911,O000911,PromptPay,Pending,2025-05-26
PAY000912,O000912,PromptPay,Failed,2026-04-10
PAY000913,O000913,Credit Card,Pending,2025-04-17
PAY000914,O000914,Credit Card,Failed,2025-09-05
PAY000915,O000915,Bank Transfer,Paid,2026-06-01
PAY000916,O000916,Credit Card,Paid,2025-02-18
PAY000917,O000917,PromptPay,Failed,2024-10-09
PAY000918,O000918,PromptPay,Failed,2025-08-11
PAY000919,O000919,Bank Transfer,Failed,2025-10-27
PAY000920,O000920,PromptPay,Paid,2025-07-12
PAY000921,O000921,PromptPay,Pending,2026-01-13
PAY000922,O000922,Bank Transfer,Paid,2024-09-07
PAY000923,O000923,PromptPay,Pending,2025-05-02
PAY000924,O000924,Bank Transfer,Paid,2025-07-27
PAY000925,O000925,PromptPay,Paid,2026-07-26
PAY000926,O000926,Credit Card,Paid,2025-12-10
PAY000927,O000927,Credit Card,Failed,2025-07-07
PAY000928,O000928,Cash,Pending,2025-04-05
PAY000929,O000929,Bank Transfer,Pending,2025-12-23
PAY000930,O000930,PromptPay,Paid,2026-05-17
PAY000931,O000931,PromptPay,Pending,2025-03-05
PAY000932,O000932,PromptPay,Paid,2026-04-23
PAY000933,O000933,PromptPay,Paid,2026-03-12
PAY000934,O000934,PromptPay,Pending,2024-12-23
PAY000935,O000935,Bank Transfer,Pending,2025-01-27
PAY000936,O000936,Bank Transfer,Paid,2025-09-08
PAY000937,O000937,Credit Card,Pending,2025-02-15
PAY000938,O000938,Bank Transfer,Failed,2025-08-03
PAY000939,O000939,PromptPay,Paid,2026-03-01
PAY000940,O000940,PromptPay,Paid,2026-06-21
PAY000941,O000941,PromptPay,Paid,2025-12-04
PAY000942,O000942,PromptPay,Paid,2025-10-03
PAY000943,O000943,Bank Transfer,Pending,2024-08-21
PAY000944,O000944,Cash,Paid,2026-06-26
PAY000945,O000945,Credit Card,Pending,2026-04-08
PAY000946,O000946,PromptPay,Failed,2026-04-10
PAY000947,O000947,Bank Transfer,Paid,2025-10-11
PAY000948,O000948,Credit Card,Failed,2026-03-31
PAY000949,O000949,Bank Transfer,Paid,2024-08-08
PAY000950,O000950,PromptPay,Pending,2024-09-17
PAY000951,O000951,PromptPay,Pending,2024-10-27
PAY000952,O000952,Bank Transfer,Failed,2024-09-15
PAY000953,O000953,Credit Card,Failed,2024-08-18
PAY000954,O000954,Bank Transfer,Pending,2025-06-03
PAY000955,O000955,Credit Card,Paid,2026-01-10
PAY000956,O000956,Cash,Failed,2025-05-07
PAY000957,O000957,PromptPay,Paid,2026-08-01
PAY000958,O000958,Cash,Paid,2026-03-03
PAY000959,O000959,Credit Card,Failed,2026-01-09
PAY000960,O000960,PromptPay,Failed,2025-08-31
PAY000961,O000961,Credit Card,Paid,2025-01-31
PAY000962,O000962,PromptPay,Paid,2024-11-27
PAY000963,O000963,Cash,Paid,2026-03-06
PAY000964,O000964,Bank Transfer,Paid,2025-11-11
PAY000965,O000965,PromptPay,Failed,2025-08-04
PAY000966,O000966,PromptPay,Failed,2026-03-30
PAY000967,O000967,PromptPay,Failed,2026-07-10
PAY000968,O000968,Bank Transfer,Paid,2024-12-23
PAY000969,O000969,Cash,Failed,2026-04-16
PAY000970,O000970,Bank Transfer,Pending,2025-05-15
PAY000971,O000971,Cash,Paid,2025-02-03
PAY000972,O000972,Bank Transfer,Paid,2024-11-19
PAY000973,O000973,Bank Transfer,Failed,2025-08-23
PAY000974,O000974,Bank Transfer,Paid,2025-11-12
PAY000975,O000975,Bank Transfer,Pending,2024-12-31
PAY000976,O000976,Cash,Failed,2025-05-15
PAY000977,O000977,PromptPay,Failed,2024-09-27
PAY000978,O000978,Bank Transfer,Paid,2024-08-24
PAY000979,O000979,Bank Transfer,Paid,2025-10-02
PAY000980,O000980,PromptPay,Paid,2025-08-11
PAY000981,O000981,Cash,Paid,2025-05-01
PAY000982,O000982,Credit Card,Pending,2025-02-15
PAY000983,O000983,Bank Transfer,Pending,2025-02-08
PAY000984,O000984,Cash,Paid,2024-10-03
PAY000985,O000985,PromptPay,Failed,2025-12-28
PAY000986,O000986,Cash,Paid,2026-08-03
PAY000987,O000987,Credit Card,Pending,2025-02-25
PAY000988,O000988,Cash,Pending,2025-01-30
PAY000989,O000989,Credit Card,Failed,2026-02-25
PAY000990,O000990,Credit Card,Pending,2026-03-13
PAY000991,O000991,Bank Transfer,Pending,2026-05-11
PAY000992,O000992,Bank Transfer,Paid,2025-12-27
PAY000993,O000993,Bank Transfer,Pending,2026-07-05
PAY000994,O000994,PromptPay,Pending,2025-04-21
PAY000995,O000995,PromptPay,Pending,2024-08-04
PAY000996,O000996,Cash,Pending,2026-06-15
PAY000997,O000997,Bank Transfer,Failed,2024-11-07
PAY000998,O000998,PromptPay,Failed,2024-12-07
PAY000999,O000999,Bank Transfer,Paid,2026-07-16
PAY001000,O001000,Bank Transfer,Pending,2024-09-07
PAY001001,O001001,Bank Transfer,Paid,2026-02-21
PAY001002,O001002,PromptPay,Failed,2026-06-26
PAY001003,O001003,Bank Transfer,Pending,2024-10-19
PAY001004,O001004,Bank Transfer,Failed,2025-01-05
PAY001005,O001005,Cash,Failed,2025-01-23
PAY001006,O001006,Bank Transfer,Pending,2026-05-08
PAY001007,O001007,PromptPay,Paid,2026-07-07
PAY001008,O001008,Bank Transfer,Paid,2024-08-15
PAY001009,O001009,PromptPay,Failed,2025-06-02
PAY001010,O001010,Bank Transfer,Pending,2024-10-06
PAY001011,O001011,Credit Card,Pending,2024-09-01
PAY001012,O001012,Credit Card,Paid,2026-03-18
PAY001013,O001013,Bank Transfer,Paid,2025-04-10
PAY001014,O001014,PromptPay,Paid,2025-05-24
PAY001015,O001015,Credit Card,Paid,2025-07-10
PAY001016,O001016,PromptPay,Paid,2025-10-06
PAY001017,O001017,Cash,Failed,2025-09-23
PAY001018,O001018,PromptPay,Pending,2026-05-03
PAY001019,O001019,PromptPay,Pending,2026-06-23
PAY001020,O001020,Cash,Failed,2025-09-16
PAY001021,O001021,Bank Transfer,Failed,2026-04-25
PAY001022,O001022,PromptPay,Failed,2024-09-20
PAY001023,O001023,Cash,Failed,2026-05-02
PAY001024,O001024,Cash,Paid,2026-07-03
PAY001025,O001025,Cash,Pending,2024-11-26
PAY001026,O001026,Bank Transfer,Paid,2026-04-04
PAY001027,O001027,PromptPay,Pending,2026-01-09
PAY001028,O001028,Cash,Failed,2025-07-20
PAY001029,O001029,PromptPay,Failed,2026-05-29
PAY001030,O001030,Credit Card,Pending,2025-02-18
PAY001031,O001031,PromptPay,Failed,2026-04-27
PAY001032,O001032,Bank Transfer,Paid,2024-09-07
PAY001033,O001033,Bank Transfer,Paid,2025-11-11
PAY001034,O001034,Cash,Paid,2025-04-19
PAY001035,O001035,Credit Card,Failed,2026-02-08
PAY001036,O001036,Bank Transfer,Paid,2025-02-15
PAY001037,O001037,Bank Transfer,Paid,2026-03-17
PAY001038,O001038,Cash,Paid,2025-10-04
PAY001039,O001039,Bank Transfer,Paid,2025-11-21
PAY001040,O001040,Bank Transfer,Failed,2025-04-14
PAY001041,O001041,Bank Transfer,Failed,2024-12-06
PAY001042,O001042,PromptPay,Paid,2024-12-12
PAY001043,O001043,Cash,Failed,2024-09-13
PAY001044,O001044,PromptPay,Pending,2025-07-31
PAY001045,O001045,Credit Card,Pending,2026-01-23
PAY001046,O001046,PromptPay,Pending,2024-10-28
PAY001047,O001047,Bank Transfer,Failed,2025-01-20
PAY001048,O001048,Bank Transfer,Pending,2025-12-08
PAY001049,O001049,PromptPay,Pending,2025-06-12
PAY001050,O001050,Cash,Failed,2025-06-11
PAY001051,O001051,PromptPay,Paid,2025-09-29
PAY001052,O001052,Credit Card,Paid,2024-08-10
PAY001053,O001053,Bank Transfer,Paid,2025-07-16
PAY001054,O001054,Bank Transfer,Paid,2024-11-08
PAY001055,O001055,Bank Transfer,Pending,2025-10-02
PAY001056,O001056,Bank Transfer,Paid,2026-07-15
PAY001057,O001057,PromptPay,Failed,2026-04-12
PAY001058,O001058,PromptPay,Failed,2025-08-26
PAY001059,O001059,Bank Transfer,Pending,2025-12-19
PAY001060,O001060,PromptPay,Failed,2025-04-18
PAY001061,O001061,Credit Card,Pending,2024-09-07
PAY001062,O001062,Bank Transfer,Paid,2024-11-06
PAY001063,O001063,Credit Card,Pending,2025-09-06
PAY001064,O001064,Cash,Paid,2026-03-03
PAY001065,O001065,Credit Card,Pending,2025-01-01
PAY001066,O001066,Credit Card,Paid,2025-01-28
PAY001067,O001067,Credit Card,Paid,2026-04-26
PAY001068,O001068,PromptPay,Failed,2024-12-22
PAY001069,O001069,Bank Transfer,Paid,2024-08-08
PAY001070,O001070,Cash,Pending,2024-08-13
PAY001071,O001071,Credit Card,Paid,2026-04-05
PAY001072,O001072,Bank Transfer,Paid,2025-02-25
PAY001073,O001073,PromptPay,Paid,2024-10-05
PAY001074,O001074,Bank Transfer,Failed,2025-05-27
PAY001075,O001075,Credit Card,Paid,2025-05-03
PAY001076,O001076,Bank Transfer,Pending,2025-12-30
PAY001077,O001077,Bank Transfer,Paid,2025-03-28
PAY001078,O001078,Bank Transfer,Paid,2025-01-02
PAY001079,O001079,Bank Transfer,Pending,2025-07-15
PAY001080,O001080,Bank Transfer,Pending,2025-09-24
PAY001081,O001081,Bank Transfer,Pending,2025-10-05
PAY001082,O001082,Bank Transfer,Paid,2025-08-06
PAY001083,O001083,PromptPay,Pending,2024-08-26
PAY001084,O001084,Bank Transfer,Failed,2026-03-10
PAY001085,O001085,PromptPay,Paid,2025-03-20
PAY001086,O001086,Cash,Pending,2026-04-03
PAY001087,O001087,Bank Transfer,Failed,2025-10-29
PAY001088,O001088,Credit Card,Failed,2025-08-22
PAY001089,O001089,Cash,Failed,2025-11-13
PAY001090,O001090,PromptPay,Paid,2026-06-03
PAY001091,O001091,Bank Transfer,Paid,2025-02-08
PAY001092,O001092,Credit Card,Failed,2024-09-19
PAY001093,O001093,Bank Transfer,Pending,2025-10-04
PAY001094,O001094,Credit Card,Paid,2026-03-10
PAY001095,O001095,Bank Transfer,Paid,2026-02-16
PAY001096,O001096,Bank Transfer,Paid,2025-09-14
PAY001097,O001097,PromptPay,Failed,2024-11-03
PAY001098,O001098,Bank Transfer,Failed,2024-10-08
PAY001099,O001099,Bank Transfer,Failed,2026-06-27
PAY001100,O001100,PromptPay,Paid,2026-05-07
PAY001101,O001101,Bank Transfer,Pending,2025-07-06
PAY001102,O001102,Credit Card,Paid,2025-10-04
PAY001103,O001103,Credit Card,Pending,2026-04-29
PAY001104,O001104,Bank Transfer,Failed,2025-03-07
PAY001105,O001105,Credit Card,Pending,2025-07-16
PAY001106,O001106,Cash,Pending,2024-11-22
PAY001107,O001107,Credit Card,Paid,2026-03-28
PAY001108,O001108,PromptPay,Pending,2026-01-25
PAY001109,O001109,Credit Card,Paid,2024-09-29
PAY001110,O001110,Cash,Paid,2025-12-12
PAY001111,O001111,PromptPay,Pending,2025-07-25
PAY001112,O001112,Cash,Failed,2025-03-05
PAY001113,O001113,Credit Card,Pending,2026-01-05
PAY001114,O001114,PromptPay,Pending,2026-05-28
PAY001115,O001115,Credit Card,Paid,2026-01-07
PAY001116,O001116,Bank Transfer,Failed,2025-11-02
PAY001117,O001117,Credit Card,Failed,2025-05-24
PAY001118,O001118,PromptPay,Paid,2025-07-25
PAY001119,O001119,Cash,Failed,2024-12-01
PAY001120,O001120,Credit Card,Pending,2025-06-05
PAY001121,O001121,Credit Card,Failed,2024-12-21
PAY001122,O001122,Bank Transfer,Failed,2025-09-07
PAY001123,O001123,Credit Card,Failed,2026-05-02
PAY001124,O001124,Bank Transfer,Pending,2026-04-11
PAY001125,O001125,PromptPay,Paid,2025-04-18
PAY001126,O001126,Cash,Pending,2025-04-09
PAY001127,O001127,Bank Transfer,Failed,2026-01-13
PAY001128,O001128,PromptPay,Failed,2026-02-14
PAY001129,O001129,Credit Card,Failed,2025-12-16
PAY001130,O001130,PromptPay,Paid,2025-08-05
PAY001131,O001131,Credit Card,Failed,2025-04-09
PAY001132,O001132,Cash,Paid,2024-09-15
PAY001133,O001133,Credit Card,Failed,2025-05-10
PAY001134,O001134,PromptPay,Failed,2025-11-12
PAY001135,O001135,Cash,Pending,2024-11-30
PAY001136,O001136,Credit Card,Pending,2026-05-31
PAY001137,O001137,Bank Transfer,Failed,2025-08-29
PAY001138,O001138,Cash,Failed,2025-01-08
PAY001139,O001139,Credit Card,Failed,2025-05-05
PAY001140,O001140,Cash,Failed,2024-12-18
PAY001141,O001141,PromptPay,Pending,2026-01-14
PAY001142,O001142,Cash,Paid,2025-07-14
PAY001143,O001143,Bank Transfer,Failed,2026-05-08
PAY001144,O001144,Cash,Paid,2025-12-05
PAY001145,O001145,Cash,Failed,2025-09-21
PAY001146,O001146,PromptPay,Paid,2026-05-01
PAY001147,O001147,Bank Transfer,Failed,2025-03-02
PAY001148,O001148,Credit Card,Failed,2025-08-13
PAY001149,O001149,Bank Transfer,Failed,2025-12-26
PAY001150,O001150,PromptPay,Pending,2026-01-14
PAY001151,O001151,Bank Transfer,Paid,2026-08-01
PAY001152,O001152,PromptPay,Failed,2024-09-16
PAY001153,O001153,Credit Card,Pending,2025-01-04
PAY001154,O001154,Cash,Failed,2025-11-10
PAY001155,O001155,Bank Transfer,Failed,2025-10-12
PAY001156,O001156,Credit Card,Paid,2025-10-11
PAY001157,O001157,PromptPay,Failed,2026-05-10
PAY001158,O001158,Credit Card,Failed,2025-05-10
PAY001159,O001159,Bank Transfer,Paid,2026-02-27
PAY001160,O001160,PromptPay,Paid,2025-05-01
PAY001161,O001161,Bank Transfer,Paid,2024-08-29
PAY001162,O001162,Cash,Pending,2024-11-28
PAY001163,O001163,Credit Card,Paid,2026-03-27
PAY001164,O001164,Cash,Failed,2025-04-09
PAY001165,O001165,PromptPay,Failed,2025-08-02
PAY001166,O001166,PromptPay,Pending,2025-07-25
PAY001167,O001167,PromptPay,Failed,2025-03-06
PAY001168,O001168,Bank Transfer,Paid,2025-01-21
PAY001169,O001169,Bank Transfer,Pending,2025-06-29
PAY001170,O001170,Bank Transfer,Pending,2024-10-10
PAY001171,O001171,Credit Card,Pending,2024-11-22
PAY001172,O001172,Bank Transfer,Pending,2024-08-22
PAY001173,O001173,Credit Card,Failed,2025-10-20
PAY001174,O001174,Credit Card,Pending,2025-11-02
PAY001175,O001175,PromptPay,Failed,2025-05-19
PAY001176,O001176,Bank Transfer,Failed,2026-06-25
PAY001177,O001177,Bank Transfer,Paid,2025-11-12
PAY001178,O001178,Credit Card,Pending,2025-08-27
PAY001179,O001179,Bank Transfer,Failed,2025-06-04
PAY001180,O001180,PromptPay,Pending,2025-06-16
PAY001181,O001181,Cash,Failed,2026-04-20
PAY001182,O001182,Cash,Pending,2025-12-27
PAY001183,O001183,PromptPay,Pending,2026-07-30
PAY001184,O001184,Bank Transfer,Paid,2026-02-03
PAY001185,O001185,Bank Transfer,Pending,2025-07-19
PAY001186,O001186,Bank Transfer,Paid,2024-09-06
PAY001187,O001187,PromptPay,Paid,2024-08-23
PAY001188,O001188,Bank Transfer,Paid,2024-11-16
PAY001189,O001189,Credit Card,Pending,2025-07-21
PAY001190,O001190,Cash,Failed,2025-09-05
PAY001191,O001191,Cash,Failed,2025-10-19
PAY001192,O001192,PromptPay,Paid,2025-08-23
PAY001193,O001193,Credit Card,Paid,2026-05-18
PAY001194,O001194,Cash,Paid,2025-01-08
PAY001195,O001195,PromptPay,Failed,2026-01-01
PAY001196,O001196,Cash,Failed,2026-06-15
PAY001197,O001197,Bank Transfer,Pending,2025-04-22
PAY001198,O001198,Bank Transfer,Failed,2025-12-06
PAY001199,O001199,PromptPay,Paid,2024-09-07
PAY001200,O001200,Credit Card,Pending,2025-02-25
PAY001201,O001201,PromptPay,Pending,2025-11-10
PAY001202,O001202,Credit Card,Paid,2025-08-21
PAY001203,O001203,PromptPay,Failed,2026-07-05
PAY001204,O001204,Credit Card,Paid,2024-12-29
PAY001205,O001205,Bank Transfer,Failed,2025-11-09
PAY001206,O001206,Credit Card,Pending,2026-07-22
PAY001207,O001207,Cash,Failed,2024-12-12
PAY001208,O001208,Credit Card,Paid,2026-07-04
PAY001209,O001209,Cash,Paid,2025-05-06
PAY001210,O001210,Cash,Paid,2025-10-06
PAY001211,O001211,PromptPay,Paid,2025-02-08
PAY001212,O001212,Credit Card,Paid,2026-01-10
PAY001213,O001213,PromptPay,Pending,2024-09-30
PAY001214,O001214,Credit Card,Paid,2024-12-07
PAY001215,O001215,PromptPay,Failed,2025-05-09
PAY001216,O001216,Credit Card,Pending,2024-09-20
PAY001217,O001217,Credit Card,Failed,2025-01-05
PAY001218,O001218,PromptPay,Paid,2025-02-12
PAY001219,O001219,PromptPay,Failed,2026-07-29
PAY001220,O001220,Credit Card,Pending,2025-07-02
PAY001221,O001221,Bank Transfer,Paid,2025-07-10
PAY001222,O001222,Cash,Paid,2024-08-21
PAY001223,O001223,Cash,Paid,2025-08-03
PAY001224,O001224,Cash,Pending,2025-08-21
PAY001225,O001225,Bank Transfer,Paid,2026-02-18
PAY001226,O001226,Credit Card,Paid,2026-06-05
PAY001227,O001227,Cash,Failed,2025-06-24
PAY001228,O001228,PromptPay,Pending,2026-06-28
PAY001229,O001229,PromptPay,Pending,2026-04-02
PAY001230,O001230,Cash,Paid,2025-11-17
PAY001231,O001231,PromptPay,Paid,2024-10-16
PAY001232,O001232,Cash,Pending,2024-12-02
PAY001233,O001233,Credit Card,Pending,2026-01-06
PAY001234,O001234,Bank Transfer,Paid,2025-11-29
PAY001235,O001235,PromptPay,Pending,2026-07-08
PAY001236,O001236,Bank Transfer,Pending,2026-05-26
PAY001237,O001237,Cash,Pending,2025-04-17
PAY001238,O001238,Bank Transfer,Pending,2025-01-27
PAY001239,O001239,Bank Transfer,Paid,2025-11-03
PAY001240,O001240,Cash,Pending,2025-10-30
PAY001241,O001241,Credit Card,Failed,2026-04-04
PAY001242,O001242,PromptPay,Pending,2024-10-05
PAY001243,O001243,PromptPay,Failed,2026-02-27
PAY001244,O001244,PromptPay,Failed,2025-11-22
PAY001245,O001245,Bank Transfer,Failed,2026-07-25
PAY001246,O001246,PromptPay,Failed,2025-02-22
PAY001247,O001247,PromptPay,Pending,2025-02-03
PAY001248,O001248,PromptPay,Pending,2025-06-08
PAY001249,O001249,PromptPay,Pending,2025-08-24
PAY001250,O001250,Cash,Failed,2025-09-30
PAY001251,O001251,PromptPay,Pending,2024-10-07
PAY001252,O001252,PromptPay,Failed,2025-02-09
PAY001253,O001253,Cash,Paid,2025-07-07
PAY001254,O001254,Bank Transfer,Paid,2025-01-23
PAY001255,O001255,Cash,Pending,2026-01-11
PAY001256,O001256,PromptPay,Pending,2025-02-23
PAY001257,O001257,PromptPay,Pending,2026-04-11
PAY001258,O001258,Bank Transfer,Failed,2025-11-11
PAY001259,O001259,Cash,Failed,2025-12-22
PAY001260,O001260,PromptPay,Failed,2025-08-15
PAY001261,O001261,Bank Transfer,Failed,2026-06-19
PAY001262,O001262,Credit Card,Failed,2024-12-31
PAY001263,O001263,PromptPay,Pending,2024-12-06
PAY001264,O001264,Cash,Paid,2024-10-06
PAY001265,O001265,Cash,Failed,2026-04-19
PAY001266,O001266,Credit Card,Paid,2026-06-27
PAY001267,O001267,PromptPay,Failed,2024-10-19
PAY001268,O001268,Cash,Paid,2025-11-25
PAY001269,O001269,PromptPay,Pending,2025-04-30
PAY001270,O001270,Bank Transfer,Paid,2025-05-30
PAY001271,O001271,PromptPay,Paid,2026-03-13
PAY001272,O001272,Bank Transfer,Failed,2025-07-21
PAY001273,O001273,Cash,Paid,2024-10-25
PAY001274,O001274,Bank Transfer,Paid,2025-11-10
PAY001275,O001275,Bank Transfer,Failed,2026-02-22
PAY001276,O001276,Bank Transfer,Paid,2026-02-13
PAY001277,O001277,Cash,Pending,2026-02-13
PAY001278,O001278,Bank Transfer,Failed,2024-09-10
PAY001279,O001279,Cash,Failed,2025-02-08
PAY001280,O001280,Bank Transfer,Failed,2025-06-23
PAY001281,O001281,Bank Transfer,Failed,2025-10-26
PAY001282,O001282,Bank Transfer,Pending,2026-07-25
PAY001283,O001283,Cash,Paid,2025-01-18
PAY001284,O001284,PromptPay,Pending,2025-08-10
PAY001285,O001285,PromptPay,Failed,2026-01-16
PAY001286,O001286,PromptPay,Pending,2024-08-21
PAY001287,O001287,Bank Transfer,Paid,2025-07-17
PAY001288,O001288,Credit Card,Failed,2026-05-26
PAY001289,O001289,Bank Transfer,Pending,2025-08-10
PAY001290,O001290,Cash,Paid,2025-04-04
PAY001291,O001291,Bank Transfer,Paid,2026-08-01
PAY001292,O001292,Cash,Paid,2024-10-25
PAY001293,O001293,PromptPay,Pending,2025-06-20
PAY001294,O001294,Bank Transfer,Failed,2026-03-31
PAY001295,O001295,Credit Card,Failed,2025-04-19
PAY001296,O001296,Bank Transfer,Failed,2026-07-03
PAY001297,O001297,PromptPay,Paid,2025-10-17
PAY001298,O001298,Bank Transfer,Pending,2026-06-03
PAY001299,O001299,Cash,Failed,2025-01-26
PAY001300,O001300,PromptPay,Failed,2025-09-25
PAY001301,O001301,Cash,Pending,2025-03-08
PAY001302,O001302,PromptPay,Failed,2024-12-03
PAY001303,O001303,Cash,Paid,2025-01-04
PAY001304,O001304,Cash,Failed,2024-11-10
PAY001305,O001305,Bank Transfer,Pending,2025-11-20
PAY001306,O001306,Credit Card,Paid,2025-04-13
PAY001307,O001307,Bank Transfer,Failed,2025-05-06
PAY001308,O001308,Cash,Pending,2025-11-23
PAY001309,O001309,Credit Card,Failed,2025-11-21
PAY001310,O001310,Cash,Failed,2024-09-10
PAY001311,O001311,Bank Transfer,Failed,2025-06-26
PAY001312,O001312,PromptPay,Failed,2025-02-22
PAY001313,O001313,Credit Card,Paid,2026-03-17
PAY001314,O001314,Credit Card,Paid,2024-09-10
PAY001315,O001315,Credit Card,Pending,2026-04-02
PAY001316,O001316,Cash,Failed,2025-11-24
PAY001317,O001317,PromptPay,Pending,2026-06-08
PAY001318,O001318,Bank Transfer,Failed,2025-08-21
PAY001319,O001319,PromptPay,Failed,2026-02-20
PAY001320,O001320,Cash,Pending,2026-08-02
PAY001321,O001321,Credit Card,Paid,2026-07-23
PAY001322,O001322,Cash,Failed,2025-01-06
PAY001323,O001323,Credit Card,Pending,2025-12-09
PAY001324,O001324,Credit Card,Pending,2025-08-11
PAY001325,O001325,Bank Transfer,Failed,2026-03-15
PAY001326,O001326,Cash,Paid,2025-11-18
PAY001327,O001327,Cash,Pending,2026-07-01
PAY001328,O001328,Cash,Pending,2024-08-23
PAY001329,O001329,Cash,Paid,2026-07-26
PAY001330,O001330,Cash,Failed,2026-04-28
PAY001331,O001331,PromptPay,Paid,2024-10-25
PAY001332,O001332,Credit Card,Failed,2025-07-06
PAY001333,O001333,PromptPay,Paid,2026-01-29
PAY001334,O001334,PromptPay,Pending,2026-02-08
PAY001335,O001335,PromptPay,Failed,2025-02-10
PAY001336,O001336,PromptPay,Failed,2025-01-06
PAY001337,O001337,PromptPay,Paid,2024-11-21
PAY001338,O001338,Bank Transfer,Paid,2025-12-14
PAY001339,O001339,Credit Card,Paid,2025-04-24
PAY001340,O001340,Bank Transfer,Pending,2026-04-09
PAY001341,O001341,Cash,Pending,2024-08-10
PAY001342,O001342,Cash,Paid,2025-03-15
PAY001343,O001343,Cash,Failed,2026-01-15
PAY001344,O001344,Cash,Pending,2026-05-06
PAY001345,O001345,Cash,Paid,2025-03-02
PAY001346,O001346,Credit Card,Paid,2025-10-03
PAY001347,O001347,PromptPay,Pending,2024-12-27
PAY001348,O001348,Bank Transfer,Paid,2025-12-15
PAY001349,O001349,Cash,Failed,2025-07-19
PAY001350,O001350,Cash,Paid,2025-04-06
PAY001351,O001351,Bank Transfer,Paid,2024-12-02
PAY001352,O001352,Cash,Failed,2025-01-25
PAY001353,O001353,PromptPay,Pending,2024-10-23
PAY001354,O001354,PromptPay,Paid,2025-01-19
PAY001355,O001355,PromptPay,Failed,2025-05-15
PAY001356,O001356,Cash,Failed,2026-06-05
PAY001357,O001357,Credit Card,Pending,2025-08-30
PAY001358,O001358,Cash,Pending,2024-09-24
PAY001359,O001359,Cash,Pending,2024-10-04
PAY001360,O001360,Bank Transfer,Paid,2025-12-06
PAY001361,O001361,PromptPay,Failed,2025-11-12
PAY001362,O001362,Bank Transfer,Paid,2025-11-12
PAY001363,O001363,PromptPay,Paid,2024-09-28
PAY001364,O001364,Cash,Paid,2025-05-31
PAY001365,O001365,Bank Transfer,Failed,2025-07-20
PAY001366,O001366,Credit Card,Failed,2024-12-21
PAY001367,O001367,Cash,Pending,2026-07-28
PAY001368,O001368,Credit Card,Failed,2025-07-03
PAY001369,O001369,Credit Card,Failed,2025-06-20
PAY001370,O001370,Credit Card,Paid,2025-11-03
PAY001371,O001371,Cash,Pending,2024-12-21
PAY001372,O001372,PromptPay,Paid,2026-05-17
PAY001373,O001373,Bank Transfer,Failed,2026-06-25
PAY001374,O001374,Cash,Failed,2024-11-12
PAY001375,O001375,Bank Transfer,Paid,2026-03-02
PAY001376,O001376,PromptPay,Pending,2026-07-30
PAY001377,O001377,PromptPay,Paid,2026-07-19
PAY001378,O001378,Cash,Paid,2026-02-07
PAY001379,O001379,Credit Card,Paid,2025-09-04
PAY001380,O001380,Cash,Failed,2025-11-13
PAY001381,O001381,Bank Transfer,Paid,2025-11-28
PAY001382,O001382,Credit Card,Pending,2025-02-22
PAY001383,O001383,PromptPay,Pending,2025-02-24
PAY001384,O001384,Cash,Failed,2026-03-01
PAY001385,O001385,Cash,Paid,2026-01-17
PAY001386,O001386,Credit Card,Failed,2024-11-17
PAY001387,O001387,Cash,Paid,2026-03-31
PAY001388,O001388,PromptPay,Failed,2024-12-09
PAY001389,O001389,Cash,Pending,2024-10-15
PAY001390,O001390,Cash,Pending,2024-09-29
PAY001391,O001391,Credit Card,Paid,2025-02-07
PAY001392,O001392,Credit Card,Failed,2024-10-21
PAY001393,O001393,Cash,Pending,2024-12-14
PAY001394,O001394,Bank Transfer,Pending,2025-09-04
PAY001395,O001395,Credit Card,Pending,2025-08-31
PAY001396,O001396,Cash,Pending,2025-10-10
PAY001397,O001397,PromptPay,Paid,2025-07-25
PAY001398,O001398,Credit Card,Pending,2025-03-03
PAY001399,O001399,Cash,Pending,2024-10-16
PAY001400,O001400,Cash,Pending,2024-10-19
PAY001401,O001401,PromptPay,Pending,2025-12-25
PAY001402,O001402,PromptPay,Failed,2025-01-10
PAY001403,O001403,PromptPay,Failed,2025-04-01
PAY001404,O001404,Credit Card,Paid,2025-10-22
PAY001405,O001405,Credit Card,Pending,2025-02-21
PAY001406,O001406,Cash,Paid,2025-04-25
PAY001407,O001407,Bank Transfer,Failed,2025-11-18
PAY001408,O001408,PromptPay,Pending,2025-02-06
PAY001409,O001409,Bank Transfer,Failed,2024-10-08
PAY001410,O001410,Bank Transfer,Pending,2026-07-19
PAY001411,O001411,PromptPay,Failed,2025-12-26
PAY001412,O001412,Cash,Pending,2025-03-05
PAY001413,O001413,Credit Card,Paid,2024-09-27
PAY001414,O001414,Cash,Pending,2026-03-11
PAY001415,O001415,Credit Card,Pending,2026-01-14
PAY001416,O001416,Cash,Failed,2025-02-16
PAY001417,O001417,Cash,Paid,2026-07-06
PAY001418,O001418,Bank Transfer,Pending,2025-12-18
PAY001419,O001419,Bank Transfer,Failed,2026-02-18
PAY001420,O001420,Bank Transfer,Paid,2026-02-21
PAY001421,O001421,PromptPay,Pending,2025-06-19
PAY001422,O001422,PromptPay,Paid,2025-06-21
PAY001423,O001423,Bank Transfer,Paid,2026-05-01
PAY001424,O001424,Bank Transfer,Paid,2026-01-01
PAY001425,O001425,Cash,Paid,2026-07-18
PAY001426,O001426,Credit Card,Pending,2025-02-25
PAY001427,O001427,Bank Transfer,Pending,2026-06-21
PAY001428,O001428,Cash,Paid,2025-08-16
PAY001429,O001429,PromptPay,Paid,2026-06-11
PAY001430,O001430,PromptPay,Pending,2025-09-07
PAY001431,O001431,Cash,Pending,2025-01-03
PAY001432,O001432,Credit Card,Paid,2026-04-18
PAY001433,O001433,Credit Card,Paid,2026-06-19
PAY001434,O001434,PromptPay,Pending,2025-03-18
PAY001435,O001435,Credit Card,Paid,2024-12-22
PAY001436,O001436,PromptPay,Paid,2025-04-17
PAY001437,O001437,Cash,Paid,2025-09-01
PAY001438,O001438,Cash,Paid,2026-04-21
PAY001439,O001439,PromptPay,Pending,2026-01-13
PAY001440,O001440,Bank Transfer,Paid,2025-04-16
PAY001441,O001441,Credit Card,Pending,2024-11-21
PAY001442,O001442,Cash,Paid,2025-10-23
PAY001443,O001443,Credit Card,Paid,2025-10-28
PAY001444,O001444,Credit Card,Failed,2025-07-11
PAY001445,O001445,PromptPay,Failed,2026-07-16
PAY001446,O001446,PromptPay,Failed,2025-10-26
PAY001447,O001447,Bank Transfer,Pending,2024-10-04
PAY001448,O001448,PromptPay,Failed,2024-11-14
PAY001449,O001449,PromptPay,Pending,2026-07-17
PAY001450,O001450,Cash,Paid,2025-02-13
PAY001451,O001451,Bank Transfer,Paid,2025-05-04
PAY001452,O001452,Credit Card,Paid,2026-07-15
PAY001453,O001453,Credit Card,Paid,2024-12-19
PAY001454,O001454,Bank Transfer,Failed,2024-11-27
PAY001455,O001455,Cash,Failed,2025-10-17
PAY001456,O001456,Bank Transfer,Pending,2024-11-09
PAY001457,O001457,PromptPay,Paid,2025-01-20
PAY001458,O001458,PromptPay,Pending,2024-08-14
PAY001459,O001459,Credit Card,Paid,2025-04-05
PAY001460,O001460,PromptPay,Paid,2025-08-22
PAY001461,O001461,Bank Transfer,Pending,2024-11-13
PAY001462,O001462,Bank Transfer,Pending,2025-10-28
PAY001463,O001463,PromptPay,Pending,2025-02-03
PAY001464,O001464,PromptPay,Pending,2025-06-08
PAY001465,O001465,Bank Transfer,Failed,2025-04-21
PAY001466,O001466,PromptPay,Paid,2024-10-06
PAY001467,O001467,Cash,Pending,2026-04-24
PAY001468,O001468,Cash,Paid,2025-05-13
PAY001469,O001469,Cash,Failed,2024-09-16
PAY001470,O001470,Credit Card,Pending,2025-10-02
PAY001471,O001471,PromptPay,Failed,2026-03-06
PAY001472,O001472,Cash,Failed,2025-01-19
PAY001473,O001473,Bank Transfer,Paid,2025-09-20
PAY001474,O001474,Cash,Pending,2026-02-02
PAY001475,O001475,Bank Transfer,Pending,2024-12-16
PAY001476,O001476,Cash,Failed,2025-04-27
PAY001477,O001477,PromptPay,Paid,2024-09-16
PAY001478,O001478,PromptPay,Pending,2025-08-07
PAY001479,O001479,Cash,Pending,2026-07-21
PAY001480,O001480,Bank Transfer,Paid,2024-11-12
PAY001481,O001481,PromptPay,Failed,2025-10-18
PAY001482,O001482,PromptPay,Pending,2025-10-19
PAY001483,O001483,PromptPay,Pending,2025-07-13
PAY001484,O001484,Credit Card,Pending,2025-05-23
PAY001485,O001485,Cash,Failed,2025-10-25
PAY001486,O001486,Bank Transfer,Pending,2025-04-30
PAY001487,O001487,PromptPay,Failed,2025-10-12
PAY001488,O001488,PromptPay,Paid,2025-10-05
PAY001489,O001489,PromptPay,Paid,2025-06-19
PAY001490,O001490,Credit Card,Paid,2025-09-02
PAY001491,O001491,Bank Transfer,Paid,2024-11-09
PAY001492,O001492,Cash,Paid,2025-05-02
PAY001493,O001493,Bank Transfer,Paid,2025-10-06
PAY001494,O001494,Cash,Pending,2026-02-22
PAY001495,O001495,Cash,Failed,2026-06-23
PAY001496,O001496,Bank Transfer,Failed,2024-10-30
PAY001497,O001497,PromptPay,Pending,2026-04-05
PAY001498,O001498,Cash,Pending,2024-12-07
PAY001499,O001499,Bank Transfer,Failed,2026-05-16
PAY001500,O001500,Credit Card,Pending,2025-12-09
PAY001501,O001501,Credit Card,Failed,2026-02-26
PAY001502,O001502,PromptPay,Paid,2026-07-22
PAY001503,O001503,Credit Card,Pending,2026-06-01
PAY001504,O001504,Bank Transfer,Paid,2024-10-15
PAY001505,O001505,PromptPay,Pending,2025-03-17
PAY001506,O001506,PromptPay,Pending,2025-11-09
PAY001507,O001507,Credit Card,Pending,2026-05-05
PAY001508,O001508,Bank Transfer,Paid,2026-01-02
PAY001509,O001509,Cash,Paid,2025-02-04
PAY001510,O001510,Bank Transfer,Paid,2025-07-13
PAY001511,O001511,Credit Card,Paid,2025-04-25
PAY001512,O001512,Credit Card,Paid,2026-02-24
PAY001513,O001513,Cash,Failed,2024-11-07
PAY001514,O001514,Cash,Paid,2026-02-17
PAY001515,O001515,Credit Card,Pending,2025-04-24
PAY001516,O001516,Credit Card,Failed,2026-04-07
PAY001517,O001517,Credit Card,Paid,2026-02-07
PAY001518,O001518,Cash,Pending,2025-12-03
PAY001519,O001519,PromptPay,Pending,2024-09-04
PAY001520,O001520,Credit Card,Paid,2025-06-21
PAY001521,O001521,Credit Card,Paid,2026-02-24
PAY001522,O001522,Cash,Pending,2025-10-14
PAY001523,O001523,Credit Card,Failed,2025-02-10
PAY001524,O001524,PromptPay,Pending,2026-01-06
PAY001525,O001525,Credit Card,Failed,2026-02-02
PAY001526,O001526,Bank Transfer,Failed,2024-08-25
PAY001527,O001527,Credit Card,Paid,2024-08-26
PAY001528,O001528,Cash,Paid,2024-11-03
PAY001529,O001529,Bank Transfer,Pending,2025-12-18
PAY001530,O001530,PromptPay,Pending,2025-08-15
PAY001531,O001531,Bank Transfer,Paid,2024-12-15
PAY001532,O001532,PromptPay,Paid,2025-01-08
PAY001533,O001533,Credit Card,Pending,2025-04-04
PAY001534,O001534,Bank Transfer,Failed,2025-06-25
PAY001535,O001535,Credit Card,Failed,2025-11-14
PAY001536,O001536,PromptPay,Pending,2024-11-22
PAY001537,O001537,Bank Transfer,Paid,2025-03-12
PAY001538,O001538,Cash,Paid,2025-01-10
PAY001539,O001539,Cash,Paid,2025-09-20
PAY001540,O001540,Credit Card,Paid,2025-03-18
PAY001541,O001541,Credit Card,Paid,2025-12-19
PAY001542,O001542,Cash,Failed,2025-08-31
PAY001543,O001543,Credit Card,Pending,2026-03-10
PAY001544,O001544,PromptPay,Failed,2025-01-02
PAY001545,O001545,Credit Card,Pending,2026-02-22
PAY001546,O001546,Credit Card,Pending,2026-02-04
PAY001547,O001547,PromptPay,Failed,2025-08-03
PAY001548,O001548,Bank Transfer,Failed,2026-06-11
PAY001549,O001549,PromptPay,Pending,2024-10-24
PAY001550,O001550,Cash,Failed,2024-11-24
PAY001551,O001551,Credit Card,Paid,2024-12-18
PAY001552,O001552,Cash,Failed,2025-08-31
PAY001553,O001553,Bank Transfer,Failed,2024-11-02
PAY001554,O001554,Credit Card,Pending,2026-04-19
PAY001555,O001555,PromptPay,Failed,2025-06-09
PAY001556,O001556,PromptPay,Failed,2025-10-06
PAY001557,O001557,Credit Card,Paid,2025-11-15
PAY001558,O001558,PromptPay,Failed,2025-05-13
PAY001559,O001559,PromptPay,Paid,2024-08-18
PAY001560,O001560,PromptPay,Paid,2026-03-06
PAY001561,O001561,Cash,Pending,2026-02-16
PAY001562,O001562,Credit Card,Paid,2025-10-03
PAY001563,O001563,Credit Card,Failed,2025-11-29
PAY001564,O001564,Credit Card,Pending,2024-11-22
PAY001565,O001565,Bank Transfer,Failed,2024-10-19
PAY001566,O001566,Cash,Failed,2025-06-19
PAY001567,O001567,Credit Card,Paid,2026-03-07
PAY001568,O001568,Credit Card,Failed,2025-07-08
PAY001569,O001569,Cash,Pending,2024-10-25
PAY001570,O001570,Bank Transfer,Paid,2026-02-27
PAY001571,O001571,Cash,Pending,2025-08-10
PAY001572,O001572,Cash,Pending,2026-02-15
PAY001573,O001573,Cash,Failed,2026-04-06
PAY001574,O001574,PromptPay,Failed,2026-05-12
PAY001575,O001575,Credit Card,Paid,2025-09-12
PAY001576,O001576,Credit Card,Pending,2024-10-06
PAY001577,O001577,Bank Transfer,Pending,2024-10-06
PAY001578,O001578,Bank Transfer,Pending,2026-03-19
PAY001579,O001579,Cash,Failed,2025-05-05
PAY001580,O001580,Bank Transfer,Paid,2025-04-19
PAY001581,O001581,Bank Transfer,Failed,2025-06-13
PAY001582,O001582,Cash,Failed,2024-10-22
PAY001583,O001583,Bank Transfer,Paid,2026-02-11
PAY001584,O001584,PromptPay,Failed,2025-08-29
PAY001585,O001585,Credit Card,Pending,2026-01-05
PAY001586,O001586,Bank Transfer,Failed,2024-10-14
PAY001587,O001587,Cash,Paid,2025-11-07
PAY001588,O001588,PromptPay,Failed,2024-12-20
PAY001589,O001589,PromptPay,Pending,2025-12-31
PAY001590,O001590,Credit Card,Failed,2025-07-24
PAY001591,O001591,PromptPay,Pending,2026-01-30
PAY001592,O001592,Bank Transfer,Failed,2026-02-03
PAY001593,O001593,Cash,Pending,2026-07-23
PAY001594,O001594,Credit Card,Pending,2026-06-12
PAY001595,O001595,PromptPay,Failed,2026-05-29
PAY001596,O001596,Bank Transfer,Failed,2025-05-18
PAY001597,O001597,Cash,Paid,2025-02-11
PAY001598,O001598,PromptPay,Paid,2025-05-06
PAY001599,O001599,Cash,Failed,2025-11-28
PAY001600,O001600,Credit Card,Pending,2025-08-15
PAY001601,O001601,Credit Card,Failed,2025-02-17
PAY001602,O001602,Cash,Pending,2026-01-29
PAY001603,O001603,Credit Card,Failed,2025-04-16
PAY001604,O001604,Credit Card,Paid,2026-01-14
PAY001605,O001605,Credit Card,Failed,2026-01-27
PAY001606,O001606,Bank Transfer,Pending,2024-08-20
PAY001607,O001607,Credit Card,Failed,2024-10-03
PAY001608,O001608,PromptPay,Pending,2026-01-30
PAY001609,O001609,Credit Card,Failed,2024-12-01
PAY001610,O001610,Bank Transfer,Paid,2024-12-29
PAY001611,O001611,Credit Card,Pending,2024-09-01
PAY001612,O001612,Credit Card,Failed,2026-05-31
PAY001613,O001613,PromptPay,Paid,2026-01-13
PAY001614,O001614,Cash,Pending,2025-08-05
PAY001615,O001615,Bank Transfer,Pending,2024-11-29
PAY001616,O001616,PromptPay,Pending,2025-10-10
PAY001617,O001617,Bank Transfer,Paid,2024-12-09
PAY001618,O001618,Bank Transfer,Pending,2025-10-11
PAY001619,O001619,Credit Card,Failed,2025-02-20
PAY001620,O001620,PromptPay,Paid,2024-12-20
PAY001621,O001621,Cash,Paid,2025-04-29
PAY001622,O001622,PromptPay,Pending,2025-10-29
PAY001623,O001623,Bank Transfer,Paid,2026-07-29
PAY001624,O001624,PromptPay,Pending,2026-01-09
PAY001625,O001625,Cash,Paid,2025-11-02
PAY001626,O001626,Credit Card,Failed,2026-05-27
PAY001627,O001627,Credit Card,Paid,2025-06-17
PAY001628,O001628,Bank Transfer,Pending,2026-06-24
PAY001629,O001629,PromptPay,Failed,2024-10-18
PAY001630,O001630,PromptPay,Failed,2026-03-20
PAY001631,O001631,Bank Transfer,Pending,2024-08-25
PAY001632,O001632,PromptPay,Failed,2026-03-05
PAY001633,O001633,PromptPay,Paid,2025-07-21
PAY001634,O001634,Cash,Paid,2024-08-13
PAY001635,O001635,Bank Transfer,Paid,2025-11-06
PAY001636,O001636,PromptPay,Paid,2024-08-04
PAY001637,O001637,Bank Transfer,Failed,2025-11-03
PAY001638,O001638,Cash,Paid,2025-07-23
PAY001639,O001639,Credit Card,Paid,2025-12-24
PAY001640,O001640,Credit Card,Pending,2025-10-14
PAY001641,O001641,Cash,Paid,2026-05-22
PAY001642,O001642,Credit Card,Failed,2024-10-24
PAY001643,O001643,Cash,Paid,2025-10-14
PAY001644,O001644,Cash,Paid,2024-10-25
PAY001645,O001645,PromptPay,Pending,2026-05-21
PAY001646,O001646,Bank Transfer,Paid,2025-09-30
PAY001647,O001647,Bank Transfer,Pending,2026-04-26
PAY001648,O001648,Credit Card,Paid,2024-09-28
PAY001649,O001649,Bank Transfer,Paid,2024-11-12
PAY001650,O001650,PromptPay,Failed,2026-05-06
PAY001651,O001651,Cash,Paid,2024-12-15
PAY001652,O001652,Cash,Failed,2025-09-03
PAY001653,O001653,PromptPay,Pending,2025-04-10
PAY001654,O001654,Bank Transfer,Paid,2026-04-07
PAY001655,O001655,Credit Card,Failed,2026-06-28
PAY001656,O001656,Cash,Pending,2025-03-01
PAY001657,O001657,Credit Card,Pending,2026-03-04
PAY001658,O001658,Credit Card,Paid,2026-06-28
PAY001659,O001659,Credit Card,Failed,2025-08-15
PAY001660,O001660,PromptPay,Pending,2026-05-05
PAY001661,O001661,Credit Card,Failed,2025-05-06
PAY001662,O001662,Credit Card,Paid,2026-07-10
PAY001663,O001663,Credit Card,Paid,2025-08-16
PAY001664,O001664,Cash,Pending,2024-09-10
PAY001665,O001665,Bank Transfer,Paid,2026-03-13
PAY001666,O001666,Cash,Pending,2025-05-05
PAY001667,O001667,Credit Card,Failed,2024-08-06
PAY001668,O001668,PromptPay,Pending,2025-10-05
PAY001669,O001669,Bank Transfer,Paid,2024-10-23
PAY001670,O001670,Bank Transfer,Failed,2026-07-09
PAY001671,O001671,Bank Transfer,Failed,2025-08-21
PAY001672,O001672,Cash,Paid,2025-03-24
PAY001673,O001673,PromptPay,Failed,2024-08-26
PAY001674,O001674,PromptPay,Pending,2024-08-11
PAY001675,O001675,PromptPay,Failed,2025-08-11
PAY001676,O001676,Credit Card,Failed,2025-11-10
PAY001677,O001677,Cash,Paid,2025-02-20
PAY001678,O001678,PromptPay,Pending,2024-09-17
PAY001679,O001679,Cash,Paid,2024-10-31
PAY001680,O001680,PromptPay,Failed,2026-02-11
PAY001681,O001681,Cash,Pending,2025-08-14
PAY001682,O001682,PromptPay,Paid,2026-04-25
PAY001683,O001683,Bank Transfer,Pending,2025-05-15
PAY001684,O001684,Credit Card,Failed,2025-05-27
PAY001685,O001685,Cash,Failed,2025-10-28
PAY001686,O001686,Credit Card,Paid,2026-05-20
PAY001687,O001687,Cash,Failed,2025-08-14
PAY001688,O001688,Credit Card,Paid,2024-10-30
PAY001689,O001689,PromptPay,Paid,2025-05-26
PAY001690,O001690,Cash,Pending,2025-01-02
PAY001691,O001691,Credit Card,Paid,2025-11-01
PAY001692,O001692,Bank Transfer,Paid,2025-12-01
PAY001693,O001693,PromptPay,Pending,2025-09-24
PAY001694,O001694,Cash,Failed,2024-08-10
PAY001695,O001695,Credit Card,Paid,2026-04-05
PAY001696,O001696,PromptPay,Pending,2026-06-23
PAY001697,O001697,Cash,Failed,2024-08-10
PAY001698,O001698,Bank Transfer,Paid,2025-09-03
PAY001699,O001699,PromptPay,Pending,2025-07-19
PAY001700,O001700,Cash,Pending,2025-10-09
PAY001701,O001701,PromptPay,Failed,2026-06-11
PAY001702,O001702,Cash,Pending,2024-10-23
PAY001703,O001703,Credit Card,Failed,2025-08-05
PAY001704,O001704,PromptPay,Pending,2026-03-14
PAY001705,O001705,Cash,Pending,2024-12-12
PAY001706,O001706,Credit Card,Paid,2025-04-20
PAY001707,O001707,PromptPay,Paid,2026-03-17
PAY001708,O001708,Cash,Paid,2026-04-05
PAY001709,O001709,Credit Card,Failed,2024-12-01
PAY001710,O001710,Bank Transfer,Paid,2024-08-20
PAY001711,O001711,Cash,Failed,2026-03-22
PAY001712,O001712,Bank Transfer,Pending,2024-09-20
PAY001713,O001713,Cash,Failed,2025-01-27
PAY001714,O001714,Bank Transfer,Paid,2025-10-15
PAY001715,O001715,Credit Card,Paid,2025-06-27
PAY001716,O001716,Credit Card,Pending,2025-03-15
PAY001717,O001717,Bank Transfer,Pending,2026-06-19
PAY001718,O001718,Cash,Pending,2026-02-17
PAY001719,O001719,PromptPay,Failed,2026-01-15
PAY001720,O001720,PromptPay,Paid,2026-01-27
PAY001721,O001721,Cash,Paid,2025-05-20
PAY001722,O001722,PromptPay,Failed,2026-06-07
PAY001723,O001723,Cash,Pending,2025-08-03
PAY001724,O001724,Cash,Pending,2025-03-16
PAY001725,O001725,PromptPay,Failed,2025-08-03
PAY001726,O001726,Bank Transfer,Paid,2026-03-15
PAY001727,O001727,Bank Transfer,Pending,2025-12-11
PAY001728,O001728,Credit Card,Failed,2026-04-23
PAY001729,O001729,Cash,Paid,2026-03-07
PAY001730,O001730,Bank Transfer,Failed,2025-12-08
PAY001731,O001731,Credit Card,Pending,2024-10-24
PAY001732,O001732,Credit Card,Paid,2026-01-12
PAY001733,O001733,PromptPay,Pending,2026-07-08
PAY001734,O001734,Cash,Pending,2025-01-28
PAY001735,O001735,PromptPay,Paid,2025-12-25
PAY001736,O001736,Credit Card,Pending,2025-12-22
PAY001737,O001737,Credit Card,Pending,2025-06-28
PAY001738,O001738,PromptPay,Failed,2025-01-18
PAY001739,O001739,Cash,Pending,2024-09-13
PAY001740,O001740,PromptPay,Failed,2025-01-24
PAY001741,O001741,Bank Transfer,Paid,2025-10-29
PAY001742,O001742,PromptPay,Pending,2025-06-21
PAY001743,O001743,PromptPay,Paid,2025-09-17
PAY001744,O001744,Cash,Pending,2024-09-13
PAY001745,O001745,Cash,Paid,2025-11-12
PAY001746,O001746,Cash,Paid,2025-09-04
PAY001747,O001747,PromptPay,Failed,2025-01-02
PAY001748,O001748,PromptPay,Pending,2026-03-02
PAY001749,O001749,Cash,Pending,2026-05-12
PAY001750,O001750,Bank Transfer,Failed,2025-08-16
PAY001751,O001751,Cash,Paid,2024-09-20
PAY001752,O001752,PromptPay,Pending,2025-04-04
PAY001753,O001753,Cash,Failed,2026-02-02
PAY001754,O001754,PromptPay,Pending,2025-12-27
PAY001755,O001755,Credit Card,Paid,2026-05-26
PAY001756,O001756,PromptPay,Paid,2026-05-24
PAY001757,O001757,Cash,Paid,2026-07-11
PAY001758,O001758,PromptPay,Paid,2025-11-04
PAY001759,O001759,Cash,Paid,2026-04-06
PAY001760,O001760,Bank Transfer,Pending,2025-01-29
PAY001761,O001761,Credit Card,Pending,2025-10-20
PAY001762,O001762,Cash,Paid,2024-08-05
PAY001763,O001763,Cash,Paid,2024-10-18
PAY001764,O001764,Cash,Pending,2026-06-09
PAY001765,O001765,Credit Card,Failed,2025-03-08
PAY001766,O001766,Credit Card,Failed,2025-11-17
PAY001767,O001767,PromptPay,Paid,2024-12-11
PAY001768,O001768,PromptPay,Failed,2024-12-19
PAY001769,O001769,Cash,Failed,2025-05-19
PAY001770,O001770,Cash,Failed,2026-02-05
PAY001771,O001771,PromptPay,Paid,2024-11-25
PAY001772,O001772,Credit Card,Paid,2026-07-16
PAY001773,O001773,Bank Transfer,Pending,2025-07-24
PAY001774,O001774,Cash,Failed,2026-03-06
PAY001775,O001775,Bank Transfer,Failed,2025-06-22
PAY001776,O001776,PromptPay,Failed,2024-11-15
PAY001777,O001777,PromptPay,Failed,2024-09-04
PAY001778,O001778,Credit Card,Paid,2025-04-28
PAY001779,O001779,Cash,Pending,2025-07-01
PAY001780,O001780,PromptPay,Failed,2025-03-16
PAY001781,O001781,PromptPay,Failed,2026-05-21
PAY001782,O001782,PromptPay,Failed,2024-08-14
PAY001783,O001783,Credit Card,Pending,2026-05-31
PAY001784,O001784,Bank Transfer,Failed,2025-04-01
PAY001785,O001785,Credit Card,Pending,2025-10-13
PAY001786,O001786,Credit Card,Pending,2026-08-01
PAY001787,O001787,Cash,Pending,2025-03-10
PAY001788,O001788,Bank Transfer,Failed,2025-05-06
PAY001789,O001789,PromptPay,Pending,2026-05-17
PAY001790,O001790,Cash,Pending,2025-12-16
PAY001791,O001791,PromptPay,Failed,2025-09-26
PAY001792,O001792,Credit Card,Failed,2025-08-15
PAY001793,O001793,PromptPay,Paid,2026-03-27
PAY001794,O001794,Cash,Pending,2025-07-30
PAY001795,O001795,PromptPay,Failed,2024-09-01
PAY001796,O001796,PromptPay,Pending,2025-03-30
PAY001797,O001797,PromptPay,Pending,2025-03-30
PAY001798,O001798,PromptPay,Paid,2026-07-06
PAY001799,O001799,PromptPay,Failed,2026-01-16
PAY001800,O001800,PromptPay,Paid,2025-02-24
PAY001801,O001801,PromptPay,Paid,2025-04-11
PAY001802,O001802,Credit Card,Paid,2026-01-07
PAY001803,O001803,PromptPay,Paid,2024-12-20
PAY001804,O001804,Credit Card,Paid,2024-09-19
PAY001805,O001805,Cash,Failed,2024-11-05
PAY001806,O001806,Credit Card,Pending,2026-03-08
PAY001807,O001807,Bank Transfer,Pending,2024-12-01
PAY001808,O001808,Bank Transfer,Paid,2026-06-24
PAY001809,O001809,Credit Card,Failed,2025-08-26
PAY001810,O001810,Cash,Pending,2024-09-27
PAY001811,O001811,Cash,Paid,2024-11-07
PAY001812,O001812,PromptPay,Failed,2026-05-02
PAY001813,O001813,Cash,Pending,2025-06-28
PAY001814,O001814,PromptPay,Pending,2026-02-16
PAY001815,O001815,PromptPay,Pending,2025-04-22
PAY001816,O001816,Credit Card,Paid,2025-03-16
PAY001817,O001817,PromptPay,Pending,2025-01-04
PAY001818,O001818,PromptPay,Failed,2026-01-28
PAY001819,O001819,Bank Transfer,Pending,2024-09-24
PAY001820,O001820,Credit Card,Failed,2024-09-13
PAY001821,O001821,PromptPay,Paid,2025-02-05
PAY001822,O001822,Cash,Paid,2024-12-23
PAY001823,O001823,Bank Transfer,Pending,2024-09-14
PAY001824,O001824,PromptPay,Pending,2025-11-05
PAY001825,O001825,Bank Transfer,Pending,2026-02-22
PAY001826,O001826,Bank Transfer,Failed,2024-10-28
PAY001827,O001827,Bank Transfer,Failed,2025-08-07
PAY001828,O001828,Cash,Paid,2025-11-22
PAY001829,O001829,Credit Card,Failed,2025-01-03
PAY001830,O001830,Bank Transfer,Pending,2025-05-25
PAY001831,O001831,Credit Card,Failed,2025-03-13
PAY001832,O001832,Cash,Failed,2026-01-15
PAY001833,O001833,Cash,Pending,2025-02-02
PAY001834,O001834,PromptPay,Pending,2026-05-02
PAY001835,O001835,Cash,Failed,2025-07-23
PAY001836,O001836,PromptPay,Pending,2026-03-28
PAY001837,O001837,Credit Card,Failed,2026-07-08
PAY001838,O001838,Cash,Pending,2025-10-08
PAY001839,O001839,Bank Transfer,Paid,2025-12-10
PAY001840,O001840,Cash,Pending,2024-09-12
PAY001841,O001841,PromptPay,Paid,2025-10-17
PAY001842,O001842,Cash,Paid,2026-04-15
PAY001843,O001843,Credit Card,Paid,2024-10-03
PAY001844,O001844,Cash,Failed,2026-06-11
PAY001845,O001845,PromptPay,Pending,2026-06-15
PAY001846,O001846,PromptPay,Failed,2026-01-26
PAY001847,O001847,Credit Card,Pending,2024-09-03
PAY001848,O001848,Cash,Paid,2025-07-14
PAY001849,O001849,PromptPay,Failed,2026-04-11
PAY001850,O001850,Credit Card,Pending,2026-05-25
PAY001851,O001851,Credit Card,Failed,2025-02-09
PAY001852,O001852,Cash,Paid,2026-05-06
PAY001853,O001853,Credit Card,Failed,2024-12-07
PAY001854,O001854,Cash,Paid,2025-01-13
PAY001855,O001855,Bank Transfer,Paid,2025-04-09
PAY001856,O001856,Cash,Failed,2024-12-27
PAY001857,O001857,PromptPay,Pending,2025-10-21
PAY001858,O001858,Bank Transfer,Paid,2026-05-20
PAY001859,O001859,Bank Transfer,Paid,2024-11-20
PAY001860,O001860,Credit Card,Failed,2024-08-14
PAY001861,O001861,Credit Card,Pending,2026-05-24
PAY001862,O001862,Bank Transfer,Paid,2025-11-26
PAY001863,O001863,PromptPay,Paid,2026-07-09
PAY001864,O001864,Bank Transfer,Paid,2024-10-29
PAY001865,O001865,PromptPay,Pending,2025-04-06
PAY001866,O001866,Bank Transfer,Failed,2024-08-05
PAY001867,O001867,Bank Transfer,Paid,2025-11-09
PAY001868,O001868,Cash,Pending,2025-11-23
PAY001869,O001869,Bank Transfer,Paid,2025-05-05
PAY001870,O001870,Credit Card,Failed,2024-10-11
PAY001871,O001871,Cash,Pending,2025-10-31
PAY001872,O001872,PromptPay,Paid,2026-03-19
PAY001873,O001873,Cash,Pending,2026-05-03
PAY001874,O001874,Cash,Paid,2024-12-07
PAY001875,O001875,Cash,Failed,2026-01-13
PAY001876,O001876,Credit Card,Failed,2024-09-06
PAY001877,O001877,Credit Card,Paid,2026-06-17
PAY001878,O001878,PromptPay,Paid,2024-10-29
PAY001879,O001879,Cash,Pending,2026-05-20
PAY001880,O001880,Cash,Pending,2026-02-09
PAY001881,O001881,PromptPay,Failed,2025-02-25
PAY001882,O001882,PromptPay,Pending,2024-08-21
PAY001883,O001883,Cash,Pending,2025-04-21
PAY001884,O001884,Bank Transfer,Paid,2025-01-19
PAY001885,O001885,Cash,Pending,2024-12-15
PAY001886,O001886,Bank Transfer,Paid,2025-11-18
PAY001887,O001887,Cash,Pending,2026-03-29
PAY001888,O001888,Credit Card,Failed,2025-10-19
PAY001889,O001889,PromptPay,Pending,2025-09-24
PAY001890,O001890,Bank Transfer,Paid,2026-04-09
PAY001891,O001891,Credit Card,Pending,2026-04-02
PAY001892,O001892,PromptPay,Failed,2024-09-04
PAY001893,O001893,Bank Transfer,Failed,2025-08-11
PAY001894,O001894,Cash,Failed,2026-03-18
PAY001895,O001895,Bank Transfer,Failed,2025-04-17
PAY001896,O001896,Bank Transfer,Paid,2025-09-02
PAY001897,O001897,PromptPay,Failed,2025-07-07
PAY001898,O001898,Credit Card,Failed,2025-11-18
PAY001899,O001899,Cash,Paid,2025-02-25
PAY001900,O001900,Credit Card,Paid,2025-01-23
PAY001901,O001901,PromptPay,Failed,2025-02-22
PAY001902,O001902,Bank Transfer,Failed,2026-03-26
PAY001903,O001903,PromptPay,Paid,2025-04-05
PAY001904,O001904,Cash,Failed,2026-03-13
PAY001905,O001905,PromptPay,Failed,2026-07-31
PAY001906,O001906,Credit Card,Pending,2025-05-01
PAY001907,O001907,Bank Transfer,Paid,2025-09-16
PAY001908,O001908,PromptPay,Failed,2026-07-24
PAY001909,O001909,PromptPay,Pending,2025-09-11
PAY001910,O001910,Credit Card,Pending,2024-11-22
PAY001911,O001911,PromptPay,Failed,2025-09-30
PAY001912,O001912,Cash,Pending,2026-02-08
PAY001913,O001913,Credit Card,Failed,2025-04-13
PAY001914,O001914,Cash,Paid,2025-06-26
PAY001915,O001915,Credit Card,Failed,2024-11-26
PAY001916,O001916,Cash,Failed,2024-09-25
PAY001917,O001917,Cash,Paid,2026-03-30
PAY001918,O001918,Cash,Paid,2024-11-17
PAY001919,O001919,PromptPay,Paid,2025-08-31
PAY001920,O001920,PromptPay,Paid,2025-08-02
PAY001921,O001921,Cash,Failed,2025-01-21
PAY001922,O001922,Credit Card,Pending,2026-07-06
PAY001923,O001923,PromptPay,Paid,2025-11-20
PAY001924,O001924,PromptPay,Pending,2025-04-26
PAY001925,O001925,PromptPay,Paid,2025-07-11
PAY001926,O001926,Bank Transfer,Pending,2026-02-04
PAY001927,O001927,Bank Transfer,Failed,2026-07-31
PAY001928,O001928,Cash,Failed,2024-09-08
PAY001929,O001929,Cash,Pending,2026-06-27
PAY001930,O001930,PromptPay,Paid,2026-01-21
PAY001931,O001931,Bank Transfer,Failed,2025-11-11
PAY001932,O001932,PromptPay,Pending,2024-09-26
PAY001933,O001933,Cash,Failed,2025-07-24
PAY001934,O001934,Bank Transfer,Paid,2026-06-13
PAY001935,O001935,Credit Card,Failed,2025-12-04
PAY001936,O001936,Credit Card,Paid,2026-01-09
PAY001937,O001937,Credit Card,Pending,2026-05-02
PAY001938,O001938,PromptPay,Pending,2025-08-10
PAY001939,O001939,Cash,Pending,2024-09-06
PAY001940,O001940,Credit Card,Pending,2026-03-18
PAY001941,O001941,Cash,Paid,2024-09-17
PAY001942,O001942,Cash,Failed,2024-09-18
PAY001943,O001943,Bank Transfer,Paid,2025-06-20
PAY001944,O001944,Credit Card,Pending,2025-09-08
PAY001945,O001945,Cash,Pending,2024-09-20
PAY001946,O001946,Credit Card,Pending,2025-09-07
PAY001947,O001947,PromptPay,Pending,2026-05-02
PAY001948,O001948,Cash,Paid,2024-08-27
PAY001949,O001949,PromptPay,Paid,2026-04-06
PAY001950,O001950,Bank Transfer,Pending,2024-08-04
PAY001951,O001951,Credit Card,Pending,2025-04-30
PAY001952,O001952,PromptPay,Pending,2025-12-28
PAY001953,O001953,Bank Transfer,Pending,2025-07-01
PAY001954,O001954,Cash,Paid,2026-03-11
PAY001955,O001955,Credit Card,Failed,2025-04-07
PAY001956,O001956,Bank Transfer,Pending,2024-11-04
PAY001957,O001957,PromptPay,Pending,2025-06-13
PAY001958,O001958,Cash,Pending,2026-02-11
PAY001959,O001959,PromptPay,Paid,2025-08-26
PAY001960,O001960,Credit Card,Failed,2025-11-02
PAY001961,O001961,PromptPay,Pending,2024-11-20
PAY001962,O001962,Bank Transfer,Failed,2025-05-01
PAY001963,O001963,Cash,Failed,2025-09-20
PAY001964,O001964,Bank Transfer,Paid,2025-10-28
PAY001965,O001965,Credit Card,Failed,2026-04-08
PAY001966,O001966,Credit Card,Pending,2025-06-25
PAY001967,O001967,PromptPay,Pending,2025-09-18
PAY001968,O001968,Credit Card,Failed,2025-06-11
PAY001969,O001969,Credit Card,Paid,2025-08-27
PAY001970,O001970,Cash,Pending,2026-02-16
PAY001971,O001971,Credit Card,Pending,2026-05-27
PAY001972,O001972,PromptPay,Pending,2026-01-20
PAY001973,O001973,Cash,Failed,2025-07-16
PAY001974,O001974,PromptPay,Failed,2025-11-29
PAY001975,O001975,PromptPay,Failed,2024-10-22
PAY001976,O001976,Credit Card,Failed,2026-07-02
PAY001977,O001977,Bank Transfer,Pending,2026-01-21
PAY001978,O001978,Bank Transfer,Failed,2025-05-16
PAY001979,O001979,Bank Transfer,Failed,2025-12-18
PAY001980,O001980,Cash,Pending,2025-03-08
PAY001981,O001981,Credit Card,Failed,2025-03-25
PAY001982,O001982,PromptPay,Failed,2025-01-14
PAY001983,O001983,Bank Transfer,Paid,2026-04-25
PAY001984,O001984,Credit Card,Failed,2026-04-20
PAY001985,O001985,PromptPay,Failed,2026-07-20
PAY001986,O001986,Cash,Paid,2025-07-19
PAY001987,O001987,PromptPay,Pending,2026-02-25
PAY001988,O001988,Bank Transfer,Failed,2024-08-20
PAY001989,O001989,Credit Card,Paid,2025-01-31
PAY001990,O001990,Bank Transfer,Paid,2024-10-19
PAY001991,O001991,Credit Card,Pending,2026-04-30
PAY001992,O001992,Cash,Paid,2025-02-14
PAY001993,O001993,Cash,Paid,2025-10-11
PAY001994,O001994,Cash,Paid,2025-01-23
PAY001995,O001995,Cash,Failed,2024-12-21
PAY001996,O001996,PromptPay,Failed,2024-08-30
PAY001997,O001997,Credit Card,Failed,2024-12-29
PAY001998,O001998,Bank Transfer,Failed,2024-09-02
PAY001999,O001999,Bank Transfer,Failed,2025-06-05
PAY002000,O002000,PromptPay,Paid,2025-08-04
